"","x"
"0001M3_AAACGGGGTTATGCGT",16.2208056671076
"0001M3_AAACGGGTCAACCAAC",11.4872179012246
"0001M3_AAAGATGGTGTTGAGG",15.3986817941469
"0001M3_AAAGATGTCACGCATA",16.1910099400083
"0001M3_AAAGCAAAGTGCGATG",17.6196143327062
"0001M3_AAATGCCAGCGTCTAT",16.0054051564714
"0001M3_AACACGTAGGTAGCCA",13.0279708197992
"0001M3_AACCATGGTTAAGATG",NA
"0001M3_AACCATGTCCAGTATG",13.4458780991098
"0001M3_AACCATGTCCGCAAGC",10.9691627004827
"0001M3_AACCGCGTCACAATGC",14.9528465141437
"0001M3_AACGTTGGTAGAGGAA",13.9955292600518
"0001M3_AACGTTGGTTATCCGA",4.36433733108368
"0001M3_AACTCAGAGATAGGAG",14.9326585687539
"0001M3_AACTCAGTCTGCAAGT",15.9143873136819
"0001M3_AACTCTTAGCCCTAAT",13.6361556498883
"0001M3_AACTGGTGTGTGAAAT",15.7546480752601
"0001M3_AACTGGTGTTATCGGT",13.7327273701317
"0001M3_AACTTTCAGAGACTTA",14.0464168629088
"0001M3_AAGACCTGTTAAGATG",15.9849971125721
"0001M3_AAGCCGCAGTAATCCC",13.490441707054
"0001M3_AAGCCGCCACGTCAGC",14.9441017696991
"0001M3_AAGGAGCGTAGAGGAA",17.7735754227806
"0001M3_AAGGAGCGTTGCTCCT",12.3316885973173
"0001M3_AAGGAGCTCAGGCGAA",11.0762212992313
"0001M3_AAGGAGCTCTTGCATT",12.7971060877494
"0001M3_AAGGCAGAGATCCGAG",14.3311501337548
"0001M3_AAGGCAGTCACCTCGT",NA
"0001M3_AAGGCAGTCTCTGTCG",20.0085370128414
"0001M3_AAGGTTCGTCTAGTGT",13.5366552586714
"0001M3_AAGTCTGAGCGTGTCC",14.2226195451358
"0001M3_AAGTCTGAGTAGCCGA",14.6497012584795
"0001M3_AATCCAGAGATGCCAG",14.203563305022
"0001M3_AATCCAGGTGCCTTGG",12.7310191286909
"0001M3_AATCGGTAGGTCATCT",14.420529595602
"0001M3_AATCGGTTCTATCGCC",13.7449794394424
"0001M3_ACACCCTAGCGTAATA",16.561504717249
"0001M3_ACACCCTCAGATGGGT",15.4780629746492
"0001M3_ACACCCTTCGGCATCG",14.3603393075767
"0001M3_ACACCGGCACAACGTT",13.7327273701317
"0001M3_ACACCGGGTACATGTC",14.2503613665451
"0001M3_ACACCGGGTGGCAAAC",11.5344970576399
"0001M3_ACACCGGGTTTGACTG",12.3795226915855
"0001M3_ACACCGGTCACGGTTA",13.1040808038666
"0001M3_ACACTGAAGGGATACC",12.92174889452
"0001M3_ACACTGACAAATCCGT",12.2571172365134
"0001M3_ACACTGAGTAGCTAAA",12.6933469182662
"0001M3_ACAGCCGGTGTGGTTT",13.7629342772386
"0001M3_ACAGCTAAGCCAGTAG",14.9656561903454
"0001M3_ACAGCTAAGTGAACAT",13.0402164127682
"0001M3_ACAGCTAGTTACGCGC",17.2405224567701
"0001M3_ACAGCTATCGAGCCCA",15.9200284215217
"0001M3_ACATACGAGCACCGCT",12.9628057267321
"0001M3_ACATCAGCACGGTAGA",13.0608531357544
"0001M3_ACATCAGGTTCCCTTG",14.4498921662074
"0001M3_ACCGTAAAGGCTCTTA",13.7839541827262
"0001M3_ACCGTAAAGGTGATTA",14.2759772767899
"0001M3_ACCGTAACAGATGAGC",13.9475294721816
"0001M3_ACCGTAATCTAACCGA",12.8579173997481
"0001M3_ACCTTTACACATTTCT",14.0670028250234
"0001M3_ACCTTTACACCAGATT",14.6301226912805
"0001M3_ACCTTTATCATATCGG",15.9143873136819
"0001M3_ACGAGCCAGTCCATAC",18.1253270210678
"0001M3_ACGAGCCCAAAGTCAA",14.2433538586968
"0001M3_ACGAGCCCATGCCTTC",12.9153282494339
"0001M3_ACGAGGAGTAATTGGA",14.7254732166808
"0001M3_ACGATGTAGGTAAACT",11.1756892128467
"0001M3_ACGATGTCAGCAGTTT",6.79148582469004
"0001M3_ACGCAGCAGCGAGAAA",17.9455279697818
"0001M3_ACGCCAGCATACTACG",17.8668013084333
"0001M3_ACGCCAGGTGTGGCTC",13.9338507885253
"0001M3_ACGCCAGTCTGAGGGA",13.7561978608332
"0001M3_ACGCCGAAGTAGGTGC",17.3262921552058
"0001M3_ACGCCGAAGTTCGCGC",13.5138120862554
"0001M3_ACGCCGACACCTGGTG",14.1778964658579
"0001M3_ACGCCGATCTCTTGAT",15.6938338578194
"0001M3_ACGGAGAGTGTCTGAT",15.2975474961072
"0001M3_ACGGAGAGTTTCGCTC",14.5309263036744
"0001M3_ACGGCCAAGGGATGGG",12.701573826742
"0001M3_ACGGCCACAAGCTGTT",14.9408324260219
"0001M3_ACGGCCACATCTCCCA",13.5838567534215
"0001M3_ACGGCCATCAAAGACA",17.3147026933217
"0001M3_ACGGGCTAGTGCAAGC",18.858391553714
"0001M3_ACGGGCTGTTCCATGA",12.0347386214158
"0001M3_ACGGGTCGTACAGCAG",15.1728817942718
"0001M3_ACGTCAAAGACATAAC",15.9143873136819
"0001M3_ACGTCAAGTTGATTGC",15.9143873136819
"0001M3_ACGTCAATCACTTACT",9.00518669364919
"0001M3_ACTATCTAGTCAATAG",16.7054587034173
"0001M3_ACTATCTTCAACACTG",7.28064973198577
"0001M3_ACTGAACTCCTCCTAG",13.9249236457607
"0001M3_ACTGAGTAGAACAACT",15.9143873136819
"0001M3_ACTGAGTGTACACCGC",16.2208056671076
"0001M3_ACTGATGAGTACGCCC",10.6341749649647
"0001M3_ACTGCTCCAGGTCCAC",12.6912283361586
"0001M3_ACTTACTAGTGGAGTC",18.796698848883
"0001M3_ACTTACTGTCTCGTTC",13.7170148678145
"0001M3_ACTTTCAAGTGCTGCC",13.572447980943
"0001M3_AGAATAGCAATCGGTT",15.9518498030912
"0001M3_AGAATAGGTAAGCACG",15.2916466357738
"0001M3_AGAATAGGTTCACCTC",14.1487810071935
"0001M3_AGAATAGTCTGTCCGT",13.7424691225688
"0001M3_AGAGCGAGTTAGTGGG",14.8034685589521
"0001M3_AGAGCTTCATGCCACG",14.3603393075767
"0001M3_AGAGCTTTCAGCATGT",5.86417322196143
"0001M3_AGAGTGGGTACAGCAG",13.8982040179789
"0001M3_AGATCTGAGGACGAAA",17.0512221996089
"0001M3_AGATCTGCAGTACACT",15.0209336447903
"0001M3_AGATCTGGTCGAAAGC",15.6068600791153
"0001M3_AGATTGCCAAACGCGA",13.9316574752206
"0001M3_AGATTGCCAATCCGAT",12.9522202255764
"0001M3_AGATTGCGTATCAGTC",13.7680534801821
"0001M3_AGATTGCTCAGAGGTG",14.3603393075767
"0001M3_AGCAGCCCAACGCACC",11.7845620773357
"0001M3_AGCAGCCCACCTATCC",13.763749217816
"0001M3_AGCAGCCGTCGTGGCT",15.9914537103866
"0001M3_AGCAGCCGTCTACCTC",17.9581222550743
"0001M3_AGCCTAAAGCCAACAG",16.0249850071199
"0001M3_AGCCTAACATGCCACG",12.5035724068502
"0001M3_AGCCTAAGTAGCGTGA",16.8878435739496
"0001M3_AGCCTAAGTCTAAACC",12.3096192748379
"0001M3_AGCGGTCCACTGTGTA",15.9143873136819
"0001M3_AGCGTATAGACAAGCC",15.1797794673917
"0001M3_AGCGTATGTATAGGTA",14.1002561577175
"0001M3_AGCGTATTCGAGAGCA",15.7108739467509
"0001M3_AGCTCCTTCAGCTCGG",15.933180349021
"0001M3_AGCTCCTTCCTATTCA",14.8261318595832
"0001M3_AGCTCTCGTCCAACTA",10.6547405687849
"0001M3_AGCTCTCTCCTTGCCA",12.9232540146382
"0001M3_AGCTTGAAGCCCAGCT",8.44239703225
"0001M3_AGCTTGAGTAGGCATG",15.1348927004897
"0001M3_AGCTTGATCGCCAAAT",15.9143873136819
"0001M3_AGCTTGATCTGTTGAG",17.9244779772477
"0001M3_AGGCCGTCAGGCGATA",13.8504534274589
"0001M3_AGGCCGTGTGTTCGAT",12.2736406218731
"0001M3_AGGCCGTGTTTGACAC",10.3618670801093
"0001M3_AGGCCGTTCCAGAGGA",14.8648518454727
"0001M3_AGGGAGTGTGTTAAGA",13.3812537491061
"0001M3_AGGGAGTTCCGCATCT",16.0676165055237
"0001M3_AGGGATGCACCGTTGG",18.1776966276213
"0001M3_AGGGATGCATGGTCTA",12.7073637668635
"0001M3_AGGGATGGTTGCGTTA",13.2156042825181
"0001M3_AGGGATGTCAGTCCCT",15.21917962229
"0001M3_AGGGTGAAGAATTGTG",16.3686280067939
"0001M3_AGGGTGACAGCTCGCA",13.6264703130077
"0001M3_AGGGTGACATGTAGTC",2.48326718576218
"0001M3_AGGTCATAGCTAACAA",17.2059716082859
"0001M3_AGGTCATGTCGCGGTT",14.8622308486819
"0001M3_AGGTCCGTCACAATGC",15.198815261377
"0001M3_AGGTCCGTCCTTTCGG",15.9412843521938
"0001M3_AGTCTTTCAGACGCCT",14.137508361163
"0001M3_AGTGGGATCCTATTCA",13.4197387015742
"0001M3_AGTTGGTCACCAGGTC",14.5635552491055
"0001M3_AGTTGGTCATTCGACA",15.9143873136819
"0001M3_AGTTGGTTCCTTGGTC",12.9370062555056
"0001M3_ATAACGCCAGCTGCTG",17.5133912962625
"0001M3_ATAGACCCACATCCAA",14.7982252337419
"0001M3_ATAGACCGTTGGAGGT",12.7582295272634
"0001M3_ATCACGAAGATGCCTT",15.835230216129
"0001M3_ATCACGAGTCCGAATT",15.9143873136819
"0001M3_ATCACGATCTTTAGTC",13.1077384420149
"0001M3_ATCATCTAGATCGGGT",13.955083725447
"0001M3_ATCATCTAGTTGTCGT",15.4988333925931
"0001M3_ATCATCTTCGAACGGA",17.0074013996832
"0001M3_ATCCACCAGTTAGCGG",14.3603393075767
"0001M3_ATCCACCGTACAGTGG",14.2305260791641
"0001M3_ATCCACCTCCGAATGT",19.2354581404696
"0001M3_ATCCACCTCCGTAGTA",14.7077453566853
"0001M3_ATCCGAAAGATGCCTT",13.7327273701317
"0001M3_ATCCGAACACTGCCAG",13.3951562542908
"0001M3_ATCGAGTAGGAGCGTT",15.9143873136819
"0001M3_ATCTACTAGGCACATG",13.695037343547
"0001M3_ATCTACTAGTGTGAAT",12.4747550248478
"0001M3_ATCTACTCAAGGTTTC",15.8685841467673
"0001M3_ATCTACTGTGTAATGA",11.2572358078011
"0001M3_ATCTGCCTCAACACCA",12.8074107931232
"0001M3_ATCTGCCTCGGCTACG",17.2463300943999
"0001M3_ATGAGGGCAGTCTTCC",15.3200272088337
"0001M3_ATGAGGGGTCCCTTGT",13.8238321312852
"0001M3_ATGAGGGGTGCAGTAG",12.723927582017
"0001M3_ATGAGGGTCCAGAGGA",15.0359174184847
"0001M3_ATGGGAGCAGCTCGCA",12.9099473807995
"0001M3_ATGGGAGGTCAGAAGC",15.9732503941729
"0001M3_ATGTGTGAGTCGATAA",13.4197387015742
"0001M3_ATTACTCTCCAGGGCT",16.0806987455244
"0001M3_ATTACTCTCCGCATAA",15.6857370517553
"0001M3_ATTCTACAGGATGGAA",9.05674924707981
"0001M3_ATTCTACGTCTAGTGT",15.471681096987
"0001M3_ATTCTACGTGCGAAAC",14.6019814578425
"0001M3_ATTCTACTCCCACTTG",12.6358695001175
"0001M3_ATTGGACAGTCGCCGT",13.7327273701317
"0001M3_ATTGGACTCTCACATT",12.7248329204258
"0001M3_ATTTCTGAGTCCATAC",15.9143873136819
"0001M3_ATTTCTGGTTCAGCGC",13.1077384420149
"0001M3_ATTTCTGTCAGGTTCA",17.6398230269606
"0001M3_ATTTCTGTCGGCGCTA",15.8034216148559
"0001M3_CAACCAACACGAGAGT",13.7079033848047
"0001M3_CAACCAACAGCGATCC",11.8415833132631
"0001M3_CAACCAATCGAGAGCA",16.5271757614366
"0001M3_CAACCTCTCAACACCA",14.0464168629088
"0001M3_CAAGAAACAATTGCTG",14.3265397281189
"0001M3_CAAGATCGTAACGACG",16.1952255079339
"0001M3_CAAGATCGTAATTGGA",18.2886681820227
"0001M3_CAAGATCTCTCACATT",12.5937262054691
"0001M3_CAAGTTGAGTGGTAGC",15.4803409821613
"0001M3_CAAGTTGGTATGAATG",18.4876321278241
"0001M3_CACAAACCATCACCCT",15.9143873136819
"0001M3_CACACAAAGATGCCTT",14.4108347468408
"0001M3_CACACCTAGTCATGCT",17.4504131425272
"0001M3_CACACTCCAGACAGGT",13.4096349898666
"0001M3_CACAGGCGTAGCGTGA",15.88841103377
"0001M3_CACAGTATCTGCTGCT",13.5933525357664
"0001M3_CACATAGCACGTAAGG",14.446519588167
"0001M3_CACATTTGTCGACTGC",16.0988546262707
"0001M3_CACCACTAGGGATACC",16.1746023943384
"0001M3_CACCACTCAAGCCTAT",14.3603393075767
"0001M3_CACCAGGCATTATCTC",12.6744531661155
"0001M3_CACCAGGTCTCAACTT",13.0370573218668
"0001M3_CACCTTGAGAGCCTAG",13.4197387015742
"0001M3_CACCTTGAGATTACCC",15.6713834525162
"0001M3_CACCTTGTCCCATTAT",17.6495222353688
"0001M3_CACTCCAAGAAGGTGA",14.8272729637381
"0001M3_CACTCCAAGATAGTCA",8.40511423619048
"0001M3_CACTCCAAGTGTACTC",17.3979548933677
"0001M3_CACTCCACACATAACC",15.9457313384356
"0001M3_CACTCCAGTCGGCACT",16.6302510919038
"0001M3_CACTCCATCTGTCAAG",19.4677911004826
"0001M3_CAGAATCAGCCACGCT",14.6026882107945
"0001M3_CAGAATCGTGTGGTTT",14.7504167021629
"0001M3_CAGATCAAGACCCACC",15.6655998397777
"0001M3_CAGATCAAGTGGAGAA",15.8624726169967
"0001M3_CAGATCACAAATACAG",15.9117258210488
"0001M3_CAGATCACATCTCGCT",13.7962661992188
"0001M3_CAGATCACATGTCGAT",14.3603393075767
"0001M3_CAGATCATCAAAGTAG",13.1077384420149
"0001M3_CAGATCATCTGAGTGT",14.6680507638056
"0001M3_CAGCAGCAGAAGCCCA",12.5588951296282
"0001M3_CAGCAGCCACCGAAAG",14.236078882227
"0001M3_CAGCAGCTCAGTGTTG",14.5015636885176
"0001M3_CAGCATAGTGTGACCC",14.4787727590275
"0001M3_CAGCCGAAGCAGACTG",13.8340435615055
"0001M3_CAGCGACAGGACACCA",12.9234477257094
"0001M3_CAGCGACTCGTTTAGG",15.5280957935806
"0001M3_CAGCTAAAGTCGTTTG",13.4428312378457
"0001M3_CAGCTAATCGCGTTTC",13.2707639103498
"0001M3_CAGGTGCTCTGGTTCC",16.1196108772446
"0001M3_CAGTAACAGATGTAAC",13.8626341541329
"0001M3_CAGTAACGTTTACTCT",14.0243519172753
"0001M3_CATATGGTCACCAGGC",11.2463053207722
"0001M3_CATATTCAGCGATGAC",14.2060332848642
"0001M3_CATCAAGTCCTCAATT",11.0335655771969
"0001M3_CATCAGAGTCATCGGC",16.1845106441971
"0001M3_CATCGAAGTGCAGACA",14.8003261259407
"0001M3_CATCGAAGTTCAGGCC",13.1077384420149
"0001M3_CATCGAATCTGTTTGT",12.0869623317278
"0001M3_CATGACACACGTTGGC",11.3462964672711
"0001M3_CATGACACAGGCAGTA",15.9143873136819
"0001M3_CATGACAGTGCACTTA",15.6145806152504
"0001M3_CATGCCTGTACCGTTA",16.9108634858538
"0001M3_CATGGCGGTTCGAATC",20.4943786551105
"0001M3_CATTATCCAGATGGGT",16.883865198425
"0001M3_CATTATCGTACAGTTC",11.6253795363966
"0001M3_CATTATCGTTGTCTTT",18.3482087182946
"0001M3_CATTATCTCAGCCTAA",18.5195584823864
"0001M3_CATTCGCAGCTGAAAT",14.1158165903914
"0001M3_CATTCGCCAGGGCATA",16.1153497326739
"0001M3_CATTCGCGTCATACTG",14.0485842856312
"0001M3_CATTCGCGTGTAAGTA",13.853522336232
"0001M3_CCAATCCCATCATCCC",14.2110803771352
"0001M3_CCACCTAAGCTGTTCA",21.1695281342355
"0001M3_CCACCTACAACACCCG",13.1077384420149
"0001M3_CCACCTACAATCCGAT",14.4165412256602
"0001M3_CCACCTACACACCGCA",14.3603393075767
"0001M3_CCACCTAGTGTTGAGG",15.8408765532486
"0001M3_CCACCTATCCCACTTG",15.9320285288178
"0001M3_CCACCTATCTCTGAGA",14.1017562958889
"0001M3_CCACGGAGTCATGCAT",13.7146285013966
"0001M3_CCACGGATCCACGTTC",13.9323741657432
"0001M3_CCACGGATCGATCCCT",14.6919783962982
"0001M3_CCAGCGAGTCTAAACC",13.84828783472
"0001M3_CCATGTCAGCTCCTTC",13.1527365449639
"0001M3_CCATGTCCAAGCTGAG",15.9797676631938
"0001M3_CCATGTCCAATGAAAC",16.1922875736038
"0001M3_CCATGTCCACATGACT",11.1409129981381
"0001M3_CCATTCGGTCGGCACT",14.1553236176395
"0001M3_CCCTCCTCAAGCCATT",14.2763597593389
"0001M3_CCCTCCTCATCGATTG",14.6263134452031
"0001M3_CCGGGATCACCGTTGG",12.8928568695371
"0001M3_CCGGGATCAGTTAACC",10.8348768646383
"0001M3_CCGGTAGTCACATGCA",12.1805828889455
"0001M3_CCGTACTAGCTGCAAG",13.8027326572248
"0001M3_CCGTACTGTTGTCTTT",11.9619835944037
"0001M3_CCGTGGACACGTCAGC",15.1061357893607
"0001M3_CCGTGGAGTGTAACGG",15.8577587602325
"0001M3_CCGTTCAGTCAAACTC",11.5690566072394
"0001M3_CCTAAAGCAACTTGAC",14.442587348571
"0001M3_CCTAAAGGTCAAAGCG",14.304914647833
"0001M3_CCTAAAGTCATTATCC",14.1937211866217
"0001M3_CCTACACCATATACGC",11.8045148006856
"0001M3_CCTACACGTAAGGGAA",12.5321855262582
"0001M3_CCTACCAAGATACACA",11.5026656544675
"0001M3_CCTACCACACGCCAGT",13.2609927909585
"0001M3_CCTACCATCGCGCCAA",15.4547961699791
"0001M3_CCTATTATCTCGTATT",2.96072455207761
"0001M3_CCTATTATCTGGCGTG",13.86305290328
"0001M3_CCTCAGTCAGCCAATT",15.958126252726
"0001M3_CCTCAGTTCAGAGGTG",12.9377979692153
"0001M3_CCTTACGCACGACTCG",14.5052070116578
"0001M3_CCTTACGCAGCGTAAG",14.6793953771106
"0001M3_CCTTACGGTCACTTCC",11.3257253850027
"0001M3_CCTTCCCAGCCACTAT",13.4945441134419
"0001M3_CCTTCCCAGTAGGCCA",13.4715809665213
"0001M3_CCTTCCCGTGTTCTTT",15.1160180649524
"0001M3_CCTTCGACACACCGAC",14.3264555276551
"0001M3_CCTTCGATCCCTAACC",15.887937963685
"0001M3_CCTTCGATCGAGGTAG",11.8203593367271
"0001M3_CCTTTCTAGATAGGAG",16.5271757614366
"0001M3_CCTTTCTAGGGTGTTG",14.7472103032902
"0001M3_CCTTTCTGTTAAGGGC",12.4290418010328
"0001M3_CCTTTCTGTTATTCTC",14.7661038290869
"0001M3_CGAACATAGAATCTCC",16.0545665109811
"0001M3_CGAACATCAATGGAGC",15.9417040761332
"0001M3_CGAACATCACCGATAT",14.7886426207184
"0001M3_CGAATGTGTCATCCCT",15.8320734625914
"0001M3_CGACCTTAGACTGGGT",19.8302801802917
"0001M3_CGACTTCGTGGGTCAA",17.210815367923
"0001M3_CGAGAAGAGACTAAGT",13.5320287738183
"0001M3_CGAGAAGCAGGGTATG",12.9236370575988
"0001M3_CGAGAAGGTCAGCTAT",15.8413774387867
"0001M3_CGAGCACCACCTTGTC",15.9143873136819
"0001M3_CGAGCACGTTAAAGTG",14.4304400655141
"0001M3_CGAGCCACAAAGGCGT",15.3270648382801
"0001M3_CGAGCCAGTTTGTTGG",16.00593591849
"0001M3_CGATGGCAGACTTTCG",12.2376740152887
"0001M3_CGATGGCCAGCGATCC",13.9266609178968
"0001M3_CGATGTATCGCTGATA",11.1758741064744
"0001M3_CGCCAAGAGCGTAATA",15.4182423235742
"0001M3_CGCCAAGAGTGTGAAT",14.5461314226111
"0001M3_CGCCAAGTCGAATGGG",13.546189050153
"0001M3_CGCGGTAAGACCTTTG",12.2862053280088
"0001M3_CGCGGTAAGGATGGTC",14.6070830345962
"0001M3_CGCGGTACAAGTCATC",17.571607663034
"0001M3_CGCGGTATCTTGCATT",15.9979623628526
"0001M3_CGCGTTTAGTATCGAA",12.9964688851908
"0001M3_CGCGTTTAGTGCTGCC",17.2106109251888
"0001M3_CGCGTTTCAAGTACCT",15.6068600791153
"0001M3_CGCTATCCAAAGTCAA",13.4197387015742
"0001M3_CGCTATCCACACCGCA",13.462587941788
"0001M3_CGCTGGAAGGTGCTTT",13.8612098264347
"0001M3_CGCTGGACACGACTCG",14.5580737720966
"0001M3_CGCTGGAGTGCAACGA",13.6482482439338
"0001M3_CGCTGGAGTTAGGGTG",15.9143873136819
"0001M3_CGGACTGCACGCGAAA",12.9464854117309
"0001M3_CGGACTGCAGCTCCGA",14.5240881473905
"0001M3_CGGAGTCCAGCTTCGG",17.0520776320453
"0001M3_CGGAGTCGTCGATTGT",15.7582135469462
"0001M3_CGGCTAGAGATGCGAC",14.5454542761
"0001M3_CGGCTAGTCGTACCGG",17.4906680015249
"0001M3_CGGGTCAAGCCATCGC",13.7350663663865
"0001M3_CGGGTCAGTCATACTG",11.7725161820422
"0001M3_CGGGTCATCTTAGAGC",13.0504854579842
"0001M3_CGGTTAAGTGTCTGAT",15.7755634813794
"0001M3_CGTAGCGAGAGCTTCT",15.384773623486
"0001M3_CGTAGGCAGCGACGTA",12.9435519949494
"0001M3_CGTCACTAGTACGATA",14.959189482325
"0001M3_CGTCACTTCCAAAGTC",11.5068387100199
"0001M3_CGTCACTTCTCATTCA",13.7507187793497
"0001M3_CGTCAGGGTCGAGTTT",12.4803537346295
"0001M3_CGTCCATCACCAGGTC",13.8925831451208
"0001M3_CGTCCATGTGAGGGTT",14.2108614536677
"0001M3_CGTCTACGTTAGTGGG",14.7422486729511
"0001M3_CGTGAGCAGGATATAC",13.2348996949925
"0001M3_CGTGAGCGTTGAACTC",15.4806566841038
"0001M3_CGTGAGCTCGGATGTT",13.5105992051853
"0001M3_CGTGTAAAGACAATAC",15.9386009615565
"0001M3_CGTGTAACAAGTAATG",15.5631532971995
"0001M3_CGTGTAACAGTAACGG",10.0629240702368
"0001M3_CGTGTAATCTCGCTTG",15.539233980189
"0001M3_CGTGTCTAGAGTAAGG",14.1333075463811
"0001M3_CGTTAGACAAGTTAAG",17.7495027932592
"0001M3_CGTTCTGAGGGATCTG",11.8496661412116
"0001M3_CGTTCTGCAATAACGA",11.9271752669268
"0001M3_CGTTCTGGTTTCGCTC",13.4197387015742
"0001M3_CGTTCTGTCGGAAATA",13.1655248181336
"0001M3_CGTTGGGCACAGTCGC",15.7406491263482
"0001M3_CGTTGGGCACCGGAAA",17.6546967470792
"0001M3_CGTTGGGCATGCGCAC",17.3792675966248
"0001M3_CGTTGGGGTCGTCTTC",18.7964769891395
"0001M3_CTAACTTAGCTTATCG",16.5030889905477
"0001M3_CTAACTTAGGGCACTA",12.6733690060622
"0001M3_CTAACTTCAGATAATG",14.032988728222
"0001M3_CTAAGACCACCAGCAC",14.2938750441161
"0001M3_CTAATGGAGATCTGAA",15.9143873136819
"0001M3_CTAATGGTCAACACCA",15.9143873136819
"0001M3_CTACACCCACAGGCCT",14.1563215701948
"0001M3_CTACACCCACATCCGG",15.928354500853
"0001M3_CTACACCCAGCCTTGG",15.8578644279345
"0001M3_CTACACCGTAGCTGCC",15.9143873136819
"0001M3_CTACATTAGGTCGGAT",15.1669445423598
"0001M3_CTACCCACACTTCTGC",12.3705682437908
"0001M3_CTACCCATCCGTTGCT",14.4283010285044
"0001M3_CTACGTCTCCTATTCA",14.9114888191106
"0001M3_CTAGAGTAGAGGTAGA",13.6976311413105
"0001M3_CTAGAGTCACGGTTTA",12.2377773354883
"0001M3_CTAGCCTAGTCAAGCG",14.8480760499123
"0001M3_CTAGCCTTCCTTAATC",14.1665143770669
"0001M3_CTAGCCTTCTTAGCCC",14.505642700374
"0001M3_CTAGTGACAAGTCTGT",12.3235715885143
"0001M3_CTCACACGTGCAGTAG",13.3959992041149
"0001M3_CTCACACTCCGAACGC",12.0169728587671
"0001M3_CTCAGAAGTCTCACCT",13.0411476559773
"0001M3_CTCATTACAAGCTGAG",11.7784893367565
"0001M3_CTCATTAGTCGCCATG",14.7961125115258
"0001M3_CTCATTATCAGTTCGA",13.8195599395531
"0001M3_CTCGAAAAGCACCGCT",12.2212187129101
"0001M3_CTCGAAAAGGTACTCT",0.160620902430201
"0001M3_CTCGAAACAAGCTGGA",15.2470790046067
"0001M3_CTCGAGGAGCCATCGC",14.9693573741567
"0001M3_CTCGAGGTCCTTGCCA",12.2817145197167
"0001M3_CTCGGAGTCAAGCCTA",15.105739475609
"0001M3_CTCGGAGTCAGGTTCA",15.1943138236024
"0001M3_CTCGTACCAGATCTGT",13.8422183846478
"0001M3_CTCGTACTCGTTTATC",12.2493609752193
"0001M3_CTCGTCAGTTTGTTGG",15.7031642097788
"0001M3_CTCTAATTCACAGGCC",17.214555733582
"0001M3_CTCTACGCAATGTTGC",13.0283206599545
"0001M3_CTCTACGTCGGCCGAT",12.6856500529101
"0001M3_CTCTGGTTCTGTTTGT",11.6127035355346
"0001M3_CTGAAACTCTTATCTG",16.1276943689221
"0001M3_CTGAAGTAGTGGGTTG",14.0464168629088
"0001M3_CTGAAGTCATCACGTA",13.6357569380105
"0001M3_CTGAAGTTCCGATATG",15.7256559420399
"0001M3_CTGCGGAAGCCATCGC",13.7327273701317
"0001M3_CTGCGGAAGCTTTGGT",13.7738204689738
"0001M3_CTGCGGACACTATCTT",12.6141307137034
"0001M3_CTGCGGACATCCAACA",17.6872961527339
"0001M3_CTGCGGATCCGAACGC",14.9022347846596
"0001M3_CTGCTGTAGGTGTTAA",16.0107269559163
"0001M3_CTGCTGTCAGACAAAT",13.5548502340057
"0001M3_CTGCTGTGTCATATCG",10.0772388109013
"0001M3_CTGGTCTAGAAACCAT",13.635889056721
"0001M3_CTGGTCTGTGTTCGAT",13.378720763029
"0001M3_CTGTGCTGTGCACCAC",10.3301827193141
"0001M3_CTGTTTAAGCCGTCGT",15.9143873136819
"0001M3_CTGTTTAAGCTAACAA",13.5404042493885
"0001M3_CTGTTTACATAGAAAC",18.2834446893171
"0001M3_CTTAACTAGTGACTCT",13.1754083052484
"0001M3_CTTAACTCATGGTAGG",13.0157585934986
"0001M3_CTTACCGAGTAGGCCA",15.0030258648806
"0001M3_CTTAGGATCGCCAGCA",15.9143873136819
"0001M3_CTTCTCTAGTACTTGC",15.4295489339276
"0001M3_CTTCTCTTCAACGGCC",17.5947896626517
"0001M3_CTTGGCTAGTAGATGT",13.9095066321955
"0001M3_CTTGGCTGTTCGTGAT",11.727831835047
"0001M3_CTTGGCTTCTTGTTTG",15.9051503441676
"0001M3_CTTTGCGCAAGTTAAG",15.9143873136819
"0001M3_CTTTGCGGTCCGAACC",13.9320221347896
"0001M3_CTTTGCGGTTGAACTC",13.1231128095844
"0001M3_CTTTGCGTCAACCATG",13.6654683978999
"0001M3_GAAACTCAGGGATGGG",13.190919890889
"0001M3_GAAACTCCAGCCACCA",14.3156293576192
"0001M3_GAAACTCCATTCGACA",14.8752232165242
"0001M3_GAAACTCGTTCCACAA",11.3414192843792
"0001M3_GAAATGACACTTCGAA",18.9309006892999
"0001M3_GAACATCGTAATAGCA",11.0436933514604
"0001M3_GAACGGAAGCCGCCTA",13.9656807375082
"0001M3_GAAGCAGCAACAACCT",13.6160527768351
"0001M3_GAAGCAGGTCGACTAT",14.2655430074537
"0001M3_GAATAAGAGTGCCAGA",NA
"0001M3_GAATAAGCAAGCTGAG",16.0526352034619
"0001M3_GAATAAGCAGCTGTAT",9.99997045535961
"0001M3_GAATAAGGTGTTCTTT",14.2988192651818
"0001M3_GAATGAAGTGCAGTAG",15.9143873136819
"0001M3_GACACGCAGACAGAGA",10.1165211752806
"0001M3_GACACGCCACCCTATC",14.7162599152484
"0001M3_GACACGCGTGTGACCC",NA
"0001M3_GACACGCTCGCAGGCT",14.3006532047441
"0001M3_GACAGAGAGACCGGAT",14.0464168629088
"0001M3_GACCAATCAAGGCTCC",14.8502152533028
"0001M3_GACCAATCACCACCAG",15.3791326841178
"0001M3_GACCTGGCATTTCAGG",15.9143873136819
"0001M3_GACGCGTTCGGTGTTA",15.3863479304248
"0001M3_GACGGCTAGGACAGCT",15.9143873136819
"0001M3_GACGGCTCACCGTTGG",12.8094328574846
"0001M3_GACGTGCAGATGCCAG",12.4879933284734
"0001M3_GACGTGCAGCACGCCT",17.8493535505577
"0001M3_GACGTTAGTATTAGCC",14.9516478836859
"0001M3_GACGTTATCCGAACGC",13.7327273701317
"0001M3_GACGTTATCCTTGGTC",16.1261413015158
"0001M3_GACTAACAGAAGGTGA",14.4298639265547
"0001M3_GACTAACCATTTGCCC",10.0760607656813
"0001M3_GACTGCGCAAAGTGCG",15.6641426549148
"0001M3_GACTGCGGTAAACACA",13.6755765798168
"0001M3_GACTGCGGTGGCAAAC",13.7724580025309
"0001M3_GAGCAGACACCACCAG",14.7986122062146
"0001M3_GAGTCCGCACGACTCG",13.6449420309428
"0001M3_GAGTCCGGTGGTGTAG",10.4497570702431
"0001M3_GAGTCCGTCTTTACAC",14.2923707003288
"0001M3_GATCAGTCACAGCGTC",15.4605763736721
"0001M3_GATCAGTCACTCGACG",14.3573900467417
"0001M3_GATCAGTCAGTCACTA",11.7917150746667
"0001M3_GATCAGTCAGTTCATG",12.6727029429412
"0001M3_GATCGTAGTTTGCATG",15.2452437834291
"0001M3_GATCTAGTCCTGTACC",15.7515908153633
"0001M3_GATGAGGTCCAATGGT",13.1077384420149
"0001M3_GATGAGGTCTCTGTCG",13.7547114761913
"0001M3_GATGCTAGTATTACCG",15.8316876305822
"0001M3_GATGCTATCCTTCAAT",14.3275364889436
"0001M3_GATTCAGAGATTACCC",13.0585489178353
"0001M3_GATTCAGCACGTCAGC",15.5270378559712
"0001M3_GCAAACTTCACAGTAC",13.6929098318412
"0001M3_GCAAACTTCATGGTCA",13.4135825100742
"0001M3_GCAATCAAGGAGTTGC",12.8306308555253
"0001M3_GCAATCATCCTCTAGC",15.6164382978581
"0001M3_GCACATAGTGTGCCTG",13.6997312106737
"0001M3_GCACATATCGGCGCTA",13.5986611749645
"0001M3_GCACTCTCAATGGACG",11.4994145390925
"0001M3_GCACTCTGTCTCATCC",15.9143873136819
"0001M3_GCAGCCAGTGCTCTTC",15.7235992796784
"0001M3_GCAGTTAGTAGGACAC",14.4018043644301
"0001M3_GCAGTTAGTTTGTTTC",15.8748725496436
"0001M3_GCAGTTATCCCAACGG",15.2150735392979
"0001M3_GCATACAAGCATCATC",12.8405688241671
"0001M3_GCATACATCTGATTCT",12.9332305066988
"0001M3_GCATGATGTAGCGTGA",17.2728122881968
"0001M3_GCATGATTCGTCTGAA",15.6068600791153
"0001M3_GCATGCGAGTCCCACG",13.8703452941302
"0001M3_GCATGCGGTATGGTTC",13.2778871278033
"0001M3_GCATGCGGTCAGAGGT",14.1384867762865
"0001M3_GCATGTAAGCTGTCTA",13.4197387015742
"0001M3_GCATGTATCTTGTCAT",15.0208681158628
"0001M3_GCCAAATCAGTGAGTG",14.4125724126405
"0001M3_GCCAAATGTATAGTAG",14.2512319859348
"0001M3_GCCAAATGTCCTAGCG",14.6321642096469
"0001M3_GCCTCTAAGGTGCTAG",13.1388631450788
"0001M3_GCCTCTACATACTACG",12.2189978713935
"0001M3_GCGCAACAGTTGAGTA",14.8696058096627
"0001M3_GCGCAACGTAGGCTGA",10.5020680352021
"0001M3_GCGCAACGTATAAACG",12.347961110683
"0001M3_GCGCAGTAGCCAGTAG",14.0464168629088
"0001M3_GCGCCAACATGAGCGA",13.9578624967389
"0001M3_GCGCCAATCCGTCAAA",14.4479374042844
"0001M3_GCGGGTTCAGATCCAT",16.2208056671076
"0001M3_GCGGGTTTCAATACCG",15.055199251562
"0001M3_GCTCCTAAGATGTCGG",13.9275786907114
"0001M3_GCTCCTACACGAAAGC",13.8379863680209
"0001M3_GCTCCTACATCGATTG",13.9637815513866
"0001M3_GCTCCTAGTTATTCTC",13.8222068986055
"0001M3_GCTCTGTTCCTTGACC",17.9318039702547
"0001M3_GCTGCAGGTTGATTGC",13.9454036915898
"0001M3_GCTGCTTAGTACGTAA",13.4022663181029
"0001M3_GCTGCTTCACCGAATT",15.5798009665417
"0001M3_GCTGCTTTCAGCTCTC",5.48005580118966
"0001M3_GCTGCTTTCTCGAGTA",17.0099445024226
"0001M3_GCTGGGTAGCCTTGAT",14.0790603991949
"0001M3_GCTGGGTTCAAACCAC",12.3936531279114
"0001M3_GCTGGGTTCTCTGTCG",13.6620307706115
"0001M3_GCTGGGTTCTTGAGGT",14.2958950510911
"0001M3_GCTTCCAAGCCGTCGT",11.5161223326927
"0001M3_GCTTCCACAAGCCTAT",10.3861072052491
"0001M3_GCTTCCACAATCACAC",14.5730809751224
"0001M3_GCTTCCAGTACCGTAT",12.2589522906577
"0001M3_GGAAAGCAGTGGTAAT",13.0775209327133
"0001M3_GGAACTTGTAGCGTAG",15.2603850605975
"0001M3_GGAATAAGTCCCTACT",16.7630688483084
"0001M3_GGAATAATCTGCAGTA",11.2691710537836
"0001M3_GGACAAGAGGATCGCA",13.6334565751866
"0001M3_GGACAGACAAGACGTG",17.6199590032273
"0001M3_GGACAGACATCTACGA",17.5001090295517
"0001M3_GGACAGACATTCTCAT",17.0069038134539
"0001M3_GGACATTCACTACAGT",15.9143873136819
"0001M3_GGACGTCAGTGTACCT",14.4924735456728
"0001M3_GGAGCAAAGACGCAAC",14.4660323888814
"0001M3_GGAGCAAGTTCATGGT",NA
"0001M3_GGATTACCAATCGGTT",12.3596517286162
"0001M3_GGCAATTCAACGCACC",13.5699757981332
"0001M3_GGCAATTGTTATGTGC",13.8265259552196
"0001M3_GGCCGATAGCCACCTG",14.2244685911763
"0001M3_GGCCGATGTCGTTGTA",14.2691179175958
"0001M3_GGCCGATTCCCAAGAT",13.8703750595836
"0001M3_GGCTCGACAGAAGCAC",14.4336444972919
"0001M3_GGCTGGTAGCTGCCCA",12.8214622074081
"0001M3_GGCTGGTCAATAGAGT",11.4249050837178
"0001M3_GGCTGGTGTAGCTGCC",14.1922616309289
"0001M3_GGGACCTGTCGAGATG",14.2573631786358
"0001M3_GGGAGATAGCTTATCG",14.0464168629088
"0001M3_GGGAGATAGGAGTCTG",13.9665260439143
"0001M3_GGGAGATAGTCGCCGT",11.5624869406619
"0001M3_GGGAGATAGTCTTGCA",12.8065214625324
"0001M3_GGGATGAAGCAGGCTA",14.5192908336783
"0001M3_GGGCACTAGCTACCTA",13.269992144688
"0001M3_GGGCACTGTGGTTTCA",13.7571385059758
"0001M3_GGGCACTTCACAGTAC",4.69597988574981
"0001M3_GGGCATCCAATCTGCA",15.8943212574765
"0001M3_GGGCATCGTATATCCG",13.7327273701317
"0001M3_GGGCATCTCACCACCT",14.5685408029505
"0001M3_GGGCATCTCGATAGAA",11.1255510411269
"0001M3_GGGTCTGAGACTAGGC",13.7969866593333
"0001M3_GGGTCTGAGCTAGCCC",12.426626858246
"0001M3_GGGTTGCAGAAACGCC",12.7479146840918
"0001M3_GGGTTGCCAGCTGTAT",14.9896955701981
"0001M3_GGTGAAGCAATGTAAG",14.6743259032674
"0001M3_GGTGAAGCATACCATG",13.5107596796168
"0001M3_GGTGAAGGTCAGGACA",17.6317979621314
"0001M3_GGTGAAGTCACTTACT",14.595425619542
"0001M3_GGTGCGTCACCCAGTG",12.4088822761389
"0001M3_GGTGTTATCGCTTAGA",NA
"0001M3_GTAACGTGTGATGTCT",10.2406358226942
"0001M3_GTAACTGAGCAGGCTA",13.5671552729675
"0001M3_GTAACTGAGGCGACAT",3.81531849231582
"0001M3_GTAACTGTCTCAACTT",14.4106161215572
"0001M3_GTACGTAAGAATCTCC",14.0464168629088
"0001M3_GTACGTAGTTCCCGAG",14.0464168629088
"0001M3_GTACTCCTCTGCTGTC",10.0760607656813
"0001M3_GTAGGCCGTCTCAACA",14.3603393075767
"0001M3_GTATCTTAGAGCTATA",13.5839419570946
"0001M3_GTATCTTAGGCGATAC",17.9737755304472
"0001M3_GTATCTTGTCATATCG",18.2437896033885
"0001M3_GTATCTTTCAGCTTAG",16.1178594597554
"0001M3_GTATTCTCACATTTCT",15.8173643825874
"0001M3_GTATTCTCATCGTCGG",15.0649579321855
"0001M3_GTATTCTGTATGGTTC",17.8580363781426
"0001M3_GTCAAGTCAAACTGCT",14.8655527105713
"0001M3_GTCAAGTCAATTCCTT",18.2076134081988
"0001M3_GTCAAGTGTGTTGAGG",13.6177324857094
"0001M3_GTCAAGTTCCAGATCA",11.6212719738728
"0001M3_GTCACAAGTCCGAAGA",11.2691710537836
"0001M3_GTCACAATCCAACCAA",15.9952501023147
"0001M3_GTCACAATCGGCCGAT",14.0464168629088
"0001M3_GTCACGGAGACCTTTG",17.860970718679
"0001M3_GTCATTTGTTGCGCAC",14.8555259563433
"0001M3_GTCCTCAAGGACGAAA",14.6738467957017
"0001M3_GTCCTCAAGTCTCGGC",13.2470553028962
"0001M3_GTCCTCAGTTACAGAA",15.5925130958025
"0001M3_GTCGGGTCATGTAAGA",15.7986068923609
"0001M3_GTCGTAATCGCATGGC",14.3603393075767
"0001M3_GTCTCGTAGACAGGCT",15.090974496669
"0001M3_GTCTCGTAGGCTATCT",12.7971060877494
"0001M3_GTCTCGTAGGTGCACA",13.3550281560717
"0001M3_GTCTCGTCATTCCTCG",14.2748494029897
"0001M3_GTCTCGTGTATCGCAT",15.3916918740102
"0001M3_GTGAAGGCAGTAAGCG",15.192723430487
"0001M3_GTGCAGCAGCATCATC",11.3452292816081
"0001M3_GTGCAGCGTAGAGCTG",14.2789406144687
"0001M3_GTGCAGCTCTGATTCT",12.3328577704218
"0001M3_GTGCATAAGTATCGAA",11.6894408415351
"0001M3_GTGCGGTCAGGAATCG",16.0104206132634
"0001M3_GTGCTTCTCACAAACC",12.5888119478951
"0001M3_GTGGGTCTCGTGGACC",13.2758930373821
"0001M3_GTGTGCGGTACCGAGA",15.0444195112451
"0001M3_GTGTGCGGTTCATGGT",14.2950924564271
"0001M3_GTGTTAGCAAGAGTCG",13.1616550005577
"0001M3_GTGTTAGGTGAGGGTT",13.4757434050274
"0001M3_GTGTTAGGTTCACCTC",13.9386641227795
"0001M3_GTGTTAGTCGAATGGG",13.4197387015742
"0001M3_GTTAAGCGTCCCTTGT",13.5926392787747
"0001M3_GTTACAGCATAAAGGT",13.0048863596015
"0001M3_GTTACAGTCCTATTCA",14.1649536325341
"0001M3_GTTCATTAGCCCTAAT",17.3453065351463
"0001M3_GTTCTCGCACAGACTT",14.8003288098589
"0001M3_GTTCTCGCAGCATGAG",16.0741878722968
"0001M3_GTTCTCGGTAGGAGTC",14.2488433509585
"0001M3_GTTCTCGGTTCCTCCA",15.4952071479455
"0001M3_GTTCTCGTCTGTGCAA",15.9143873136819
"0001M3_GTTTCTACATGGTCAT",12.4406497452163
"0001M3_TAAACCGCACACCGAC",12.795398380577
"0001M3_TAAGAGAAGTCGAGTG",16.0318976429588
"0001M3_TAAGCGTTCCTGTAGA",15.9320614849197
"0001M3_TAAGTGCAGACGCACA",14.7056432797272
"0001M3_TACACGAAGATGTTAG",13.8763975784566
"0001M3_TACACGAGTCTCTCGT",12.3881327933575
"0001M3_TACACGAGTGTGCCTG",NA
"0001M3_TACACGATCTCCGGTT",15.8412554820461
"0001M3_TACAGTGGTGCGATAG",12.2041603855437
"0001M3_TACCTATCAAGTCTGT",15.2377740267861
"0001M3_TACCTATCAGGGATTG",20.1133896716315
"0001M3_TACCTATTCTCTGTCG",15.1705210867249
"0001M3_TACGGATCATTTGCCC",12.9346107203986
"0001M3_TACGGATGTTATCCGA",13.5559991976946
"0001M3_TACGGATGTTCAGCGC",15.6068600791153
"0001M3_TACGGATTCCGTAGTA",12.6488607560079
"0001M3_TACGGGCAGTCTCCTC",13.7227203904036
"0001M3_TACGGTAAGGACATTA",17.8363101024749
"0001M3_TACGGTAGTAGCCTCG",17.9461276836918
"0001M3_TACGGTATCGCCAAAT",14.9556130105595
"0001M3_TACTTACAGAGTTGGC",14.6519676355618
"0001M3_TACTTACAGGTGCAAC",15.6365459816857
"0001M3_TACTTACCACTCAGGC",12.9159356538144
"0001M3_TACTTACTCAACACGT",19.3847714187247
"0001M3_TACTTACTCTTGCCGT",15.7103602327443
"0001M3_TACTTGTTCAATAAGG",10.5450230710397
"0001M3_TAGACCACACGGTTTA",14.2574415834733
"0001M3_TAGACCACATGTTCCC",14.0377892265142
"0001M3_TAGCCGGGTGTGAAAT",15.7046618615646
"0001M3_TAGGCATCAGATGGGT",14.7667318130116
"0001M3_TAGGCATGTCCTAGCG",14.7296476013815
"0001M3_TAGTGGTAGGACACCA",14.7701217564676
"0001M3_TAGTGGTCATTCTCAT",16.2267478666395
"0001M3_TAGTGGTGTCTCGTTC",12.45797332639
"0001M3_TAGTGGTGTTGCCTCT",15.7345876295938
"0001M3_TATCAGGAGGCTAGGT",14.0874286177988
"0001M3_TATCAGGAGGTGTGGT",16.0367287765394
"0001M3_TATCTCACAATACGCT",12.178168451726
"0001M3_TATCTCACACCTGGTG",15.6445229165863
"0001M3_TATCTCAGTGACGCCT",13.0019119178438
"0001M3_TATCTCATCGATGAGG",17.956776548112
"0001M3_TATGCCCAGACCACGA",14.1714162695553
"0001M3_TATTACCGTGTGAAAT",12.5045975245196
"0001M3_TCAACGAGTTCCACAA",13.5037673690374
"0001M3_TCAATCTCAGTCAGCC",15.1295921760236
"0001M3_TCAATCTGTTCACGGC",12.9188837024475
"0001M3_TCACGAAGTTTCCACC",14.7805831912436
"0001M3_TCAGATGCAAGCGTAG",15.3116906196131
"0001M3_TCAGCAAAGAGTAATC",15.3958114703688
"0001M3_TCAGCAAAGCTTATCG",13.6783655948631
"0001M3_TCAGCAACAAAGGCGT",13.8794112974935
"0001M3_TCAGCAACAAGTAATG",14.1838547091527
"0001M3_TCAGCAACAGTCGATT",12.7725804978897
"0001M3_TCAGCTCCACTTAACG",14.0464168629088
"0001M3_TCAGCTCGTCATTAGC",14.2315208381574
"0001M3_TCAGGATCAACACCCG",15.0454099227585
"0001M3_TCAGGATTCACGCATA",20.1133896716315
"0001M3_TCATTACAGGTGATAT",15.1074729197423
"0001M3_TCATTACCATCGACGC",17.225823178018
"0001M3_TCATTACGTAGAGTGC",13.9887549078365
"0001M3_TCCACACCATACTACG",13.0329370428581
"0001M3_TCCCGATCAGCCTATA",18.9460457603447
"0001M3_TCCCGATTCTTGTTTG",14.938210571841
"0001M3_TCGAGGCCAAATACAG",0.400700018400891
"0001M3_TCGAGGCCACATGGGA",15.7119117295816
"0001M3_TCGAGGCGTTCCACAA",13.6566495342912
"0001M3_TCGAGGCGTTTGTGTG",14.4178491043015
"0001M3_TCGCGAGGTGCCTGTG",12.2098662480242
"0001M3_TCGCGAGGTTCTCATT",13.3123829854094
"0001M3_TCGCGAGTCGTAGATC",13.7743381574544
"0001M3_TCGCGTTAGCTATGCT",13.9835381959783
"0001M3_TCGCGTTCACAGCCCA",15.9269647038384
"0001M3_TCGCGTTTCCACTCCA",13.2734094963557
"0001M3_TCGCGTTTCGTCCAGG",15.9845320406812
"0001M3_TCGGGACAGTCCCACG",15.6068600791153
"0001M3_TCGGGACCACAAGCCC",15.6068600791153
"0001M3_TCGGTAAAGAGAGCTC",15.1872536124879
"0001M3_TCGGTAACAGGGCATA",14.7088818822925
"0001M3_TCGGTAACAGTCGATT",17.3708033710507
"0001M3_TCGGTAATCTTATCTG",14.0464168629088
"0001M3_TCGTACCGTAAAGTCA",14.2956079511431
"0001M3_TCGTACCGTCTCGTTC",13.9796115687538
"0001M3_TCGTACCGTTCAGTAC",16.1156467344624
"0001M3_TCGTAGACACCTGGTG",15.9143873136819
"0001M3_TCGTAGAGTAGCTTGT",15.7139590159392
"0001M3_TCTATTGAGTGTCCAT",14.6718258724049
"0001M3_TCTATTGTCTAACTTC",12.8851284618628
"0001M3_TCTCATAGTTACGACT",11.566984795402
"0001M3_TCTCTAAAGAATAGGG",17.1403902047985
"0001M3_TCTGAGAGTTCTGTTT",13.9592741231215
"0001M3_TCTGGAATCGGACAAG",14.3603393075767
"0001M3_TCTTTCCAGACGCAAC",10.9788064719456
"0001M3_TCTTTCCCAACACGCC",17.9161888798881
"0001M3_TCTTTCCGTGACGGTA",17.3510767871465
"0001M3_TCTTTCCTCCCTTGCA",14.9498141773208
"0001M3_TGAAAGATCTGCGGCA",14.6027012510583
"0001M3_TGACGGCAGCTAGTGG",15.7336556960097
"0001M3_TGACGGCTCACCGGGT",13.7033701089335
"0001M3_TGACGGCTCTCAAACG",11.6689379654302
"0001M3_TGACTAGAGATAGCAT",12.1180756669329
"0001M3_TGACTAGCATACAGCT",12.2975387272816
"0001M3_TGACTAGGTGCGGTAA",13.3283227679634
"0001M3_TGACTTTAGCCATCGC",15.9219509785827
"0001M3_TGACTTTTCGTCACGG",13.2560106564364
"0001M3_TGAGAGGAGATGAGAG",17.3090222677995
"0001M3_TGAGAGGAGCTAACTC",15.9143873136819
"0001M3_TGAGAGGAGCTGCGAA",15.5404028189204
"0001M3_TGAGAGGTCACAATGC",12.4625404145385
"0001M3_TGAGCATTCTCGTTTA",11.3464304873607
"0001M3_TGAGCCGAGCAAATCA",12.9450756986427
"0001M3_TGAGGGAAGTCCGGTC",NA
"0001M3_TGAGGGAGTTATCACG",12.1526350179391
"0001M3_TGATTTCAGGTGCTTT",12.9582932553332
"0001M3_TGATTTCCAGGTGCCT",13.1763342640231
"0001M3_TGATTTCGTCGCCATG",14.1660785010504
"0001M3_TGATTTCTCAGAGGTG",15.0939719331216
"0001M3_TGATTTCTCTCCAGGG",13.6921735881586
"0001M3_TGATTTCTCTTAGCCC",14.3218304812024
"0001M3_TGCACCTCACCTCGTT",14.0194881208264
"0001M3_TGCACCTGTCTGATTG",11.695382614373
"0001M3_TGCACCTTCAACACGT",14.0464168629088
"0001M3_TGCACCTTCACTTCAT",14.164894619612
"0001M3_TGCCAAAAGCAACGGT",3.11213082613896
"0001M3_TGCCAAAAGCATCATC",18.9413066646396
"0001M3_TGCCAAAAGCATGGCA",13.5114200263468
"0001M3_TGCCAAACAGTCACTA",13.3391349318563
"0001M3_TGCCAAATCACCGTAA",14.1107082432702
"0001M3_TGCCCATAGATGTCGG",17.5659117948527
"0001M3_TGCCCATTCATCACCC",13.7360323514657
"0001M3_TGCCCTAAGCTTCGCG",17.9344448962514
"0001M3_TGCGGGTAGACAAGCC",14.7889967843852
"0001M3_TGCGGGTAGTCACGCC",14.1147765987951
"0001M3_TGCGGGTCAACGATGG",14.6185408678793
"0001M3_TGCGTGGCATCCCATC",17.2390141629425
"0001M3_TGCTACCAGATCGATA",NA
"0001M3_TGCTACCAGGCCCTCA",15.6456460743402
"0001M3_TGCTACCCAATGGACG",12.9844681835402
"0001M3_TGCTACCCATCGGTTA",13.145362861965
"0001M3_TGCTACCGTCCAGTGC",13.7301549090028
"0001M3_TGCTACCGTGCTCTTC",15.3022030160948
"0001M3_TGCTGCTAGCCGATTT",17.3682120222858
"0001M3_TGCTGCTCACATCCGG",13.7327273701317
"0001M3_TGCTGCTGTTTCGCTC",15.7273219992434
"0001M3_TGGACGCAGAGTGAGA",13.5628225520938
"0001M3_TGGACGCAGTTGTCGT",14.1381579665217
"0001M3_TGGACGCCAGTCGATT",15.5153287135283
"0001M3_TGGACGCTCAAGGTAA",14.2126252521694
"0001M3_TGGACGCTCCGCAGTG",13.5307302865239
"0001M3_TGGCCAGAGGAATGGA",13.4197387015742
"0001M3_TGGCCAGTCGGTGTCG",14.1951099441947
"0001M3_TGGCGCAGTCTCTTTA",15.9143873136819
"0001M3_TGGCGCAGTGTCTGAT",13.3876686617408
"0001M3_TGGCGCATCCACGTGG",15.9143873136819
"0001M3_TGGCTGGCAATGTAAG",12.5257238402522
"0001M3_TGGGAAGGTCAAGCGA",14.234435209827
"0001M3_TGGGCGTAGAACAACT",13.1247061542255
"0001M3_TGGGCGTTCGGTCTAA",14.8617834045291
"0001M3_TGGTTCCGTCGGCTCA",14.4008207314958
"0001M3_TGTCCCAAGAACTGTA",14.8568597097444
"0001M3_TGTGGTATCACTCTTA",12.6052116428564
"0001M3_TGTTCCGCATCCGGGT",12.7567248481444
"0001M3_TGTTCCGTCGGAATCT",15.7395504635632
"0001M3_TTAACTCGTTCCCTTG",17.5361227412017
"0001M3_TTAACTCTCTGCAGTA",16.0751393841124
"0001M3_TTAGGACTCGATAGAA",15.9143873136819
"0001M3_TTAGGACTCGTTACGA",14.7837697211767
"0001M3_TTAGGCACAAGCCTAT",12.2531447316508
"0001M3_TTAGTTCTCACCAGGC",14.9820476990186
"0001M3_TTATGCTAGGCCGAAT",14.250103711372
"0001M3_TTATGCTAGTGGTAAT",13.7051249127521
"0001M3_TTATGCTCATCGATTG",12.851182997629
"0001M3_TTATGCTGTTTCCACC",15.9143873136819
"0001M3_TTATGCTTCCCTCTTT",15.9143873136819
"0001M3_TTCCCAGAGTCAAGCG",14.6144648638926
"0001M3_TTCGAAGGTCTAAACC",9.48361262498079
"0001M3_TTCGGTCAGAGACTTA",14.5616892196738
"0001M3_TTCGGTCTCACGCATA",15.1094902935495
"0001M3_TTCTCAACACCATCCT",15.5951645422303
"0001M3_TTCTCCTAGTACGATA",14.9865086827497
"0001M3_TTCTCCTCACGCGAAA",14.6489652019298
"0001M3_TTCTTAGAGCTACCTA",13.5122981696815
"0001M3_TTCTTAGGTGCGAAAC",14.3218599725441
"0001M3_TTCTTAGGTGTTTGTG",15.8477939740939
"0001M3_TTGACTTAGGCATGTG",13.4197387015742
"0001M3_TTGACTTTCACATGCA",17.259822391525
"0001M3_TTGCGTCCAAGACGTG",13.4441965215669
"0001M3_TTGCGTCTCATCTGTT",16.2208056671076
"0001M3_TTGGCAACAATGGAAT",14.7850630687693
"0001M3_TTGGCAAGTAGAGCTG",18.8574126685813
"0001M3_TTGTAGGAGAAACCAT",16.2916795237515
"0001M3_TTGTAGGGTCTTGTCC",11.3872789463362
"0001M3_TTTACTGAGGTGATTA",15.9384992950911
"0001M3_TTTATGCGTTCCGGCA",14.3250291080352
"0001M3_TTTCCTCCAGACGCCT",14.592938668881
"0001M3_TTTGCGCAGAGACTAT",14.7841741452922
"0001M3_TTTGCGCTCTTGCCGT",13.7327273701317
"0001M3_TTTGGTTAGCAACGGT",6.47867117540825
"0001M3_TTTGTCACACCAGGCT",14.5821809938986
"0001M3_TTTGTCATCTCGAGTA",14.0464168629088
"0001M3_TTTGTCATCTGGTATG",15.7031739893288
"0090M3_AAACCTGGTGGAAAGA",NA
"0090M3_AAACGGGCAGTCGATT",15.9143873136819
"0090M3_AAACGGGCATCACAAC",15.8793460812809
"0090M3_AAACGGGTCGTTTATC",17.0342934351932
"0090M3_AAAGCAATCAGCTGGC",16.2186791042697
"0090M3_AAAGCAATCGGAGCAA",10.2645609589553
"0090M3_AAAGTAGAGGATATAC",10.4020544046633
"0090M3_AAAGTAGGTGTTTGTG",NA
"0090M3_AAAGTAGTCAAAGTAG",10.8086462200888
"0090M3_AAATGCCAGACGCAAC",15.2155310786887
"0090M3_AAATGCCAGTCAAGGC",16.2208056671076
"0090M3_AAATGCCCAATGAAAC",NA
"0090M3_AACACGTCACGCATCG",15.9143873136819
"0090M3_AACACGTTCACATACG",NA
"0090M3_AACACGTTCTCGGACG",15.9143873136819
"0090M3_AACCGCGAGACACGAC",17.4285789206844
"0090M3_AACCGCGCATCTACGA",18.727355236974
"0090M3_AACCGCGGTCCGACGT",15.8761617534858
"0090M3_AACGTTGTCTCAAACG",17.0065872137606
"0090M3_AACTCAGAGAAAGTGG",NA
"0090M3_AACTCCCAGGCAATTA",16.2009005753317
"0090M3_AACTCCCAGTCCGTAT",12.8138749005601
"0090M3_AACTCTTAGCGTTCCG",15.9143873136819
"0090M3_AACTCTTAGTGGACGT",15.8887225411995
"0090M3_AACTCTTTCACTCCTG",17.4457555622217
"0090M3_AACTGGTGTAGCTAAA",15.9143873136819
"0090M3_AACTGGTGTGACGCCT",15.8487722742501
"0090M3_AACTTTCAGCTGGAAC",15.9968343492136
"0090M3_AACTTTCGTAGGCATG",18.3929059008682
"0090M3_AACTTTCTCTACTCAT",14.1607463760171
"0090M3_AAGACCTTCACGACTA",NA
"0090M3_AAGCCGCAGAAGGTGA",NA
"0090M3_AAGGTTCAGAGCTTCT",15.9220288697445
"0090M3_AAGGTTCCATCTGGTA",NA
"0090M3_AAGTCTGAGAGATGAG",16.9043311054752
"0090M3_AAGTCTGAGTTTAGGA",15.9143873136819
"0090M3_AAGTCTGCACTGTCGG",17.3814185723784
"0090M3_AAGTCTGGTTCCCTTG",16.1032627936
"0090M3_AAGTCTGTCCGCTGTT",NA
"0090M3_AATCCAGTCGGAGCAA",NA
"0090M3_AATCGGTAGCCAGGAT",18.2015196422645
"0090M3_AATCGGTGTACTCAAC",10.8644831117378
"0090M3_AATCGGTTCTGAGTGT",16.1159473396162
"0090M3_ACACCAACACGGTAAG",19.2323904190128
"0090M3_ACACCAATCCCTAACC",10.7208820096114
"0090M3_ACACCCTAGGCATGTG",NA
"0090M3_ACACCCTCAACGATCT",15.8469523575299
"0090M3_ACACCCTCACTTCTGC",16.1010719006242
"0090M3_ACACCCTTCACCACCT",13.4900433741851
"0090M3_ACACCGGCATGTCGAT",17.475168509446
"0090M3_ACACTGACACATGGGA",15.5661021748074
"0090M3_ACAGCCGAGTCCAGGA",15.9143873136819
"0090M3_ACAGCCGCAAAGCGGT",10.8320801416353
"0090M3_ACAGCCGGTAATCGTC",13.3987846129216
"0090M3_ACAGCCGGTCTCAACA",17.2150432239396
"0090M3_ACAGCTAAGAAACCGC",17.0237696610295
"0090M3_ACAGCTATCAAAGACA",10.9691627004827
"0090M3_ACATACGTCCGCGTTT",NA
"0090M3_ACATACGTCGCTGATA",17.5470678243873
"0090M3_ACATCAGAGTGTCCAT",17.6097070475361
"0090M3_ACATGGTTCCCTGACT",17.7783005833831
"0090M3_ACCAGTAGTGAACCTT",15.9143873136819
"0090M3_ACCCACTCAGCCAATT",14.5419264961947
"0090M3_ACCCACTGTACACCGC",16.0096731049142
"0090M3_ACCGTAAGTATAGTAG",3.54647744368698
"0090M3_ACCTTTACAGTCGATT",15.1941207733689
"0090M3_ACCTTTAGTTCCACTC",17.1294416989849
"0090M3_ACGAGCCCAGATCCAT",15.8236660985468
"0090M3_ACGAGCCGTAGCTTGT",15.9110787074548
"0090M3_ACGAGCCGTCTTTCAT",17.8344844575044
"0090M3_ACGAGGATCGAATGCT",17.1403902047985
"0090M3_ACGAGGATCGGCCGAT",16.2523541089207
"0090M3_ACGATACCAAGCCGCT",18.2457945131493
"0090M3_ACGATGTAGCGTTCCG",17.2705985016977
"0090M3_ACGATGTGTCGCTTCT",11.0288899836076
"0090M3_ACGATGTGTCGGATCC",16.4441756692889
"0090M3_ACGATGTGTTGTCGCG",15.848374708969
"0090M3_ACGCAGCAGGAGTACC",15.1183965533074
"0090M3_ACGCCAGAGTTACGGG",10.956585427705
"0090M3_ACGCCAGGTACTCGCG",NA
"0090M3_ACGCCAGGTAGCTCCG",12.397259103035
"0090M3_ACGCCGACAAGAAGAG",NA
"0090M3_ACGGAGACACATTTCT",14.550103102478
"0090M3_ACGGCCACACATCCAA",15.7974145074365
"0090M3_ACGGGCTCATATACCG",14.7498621301666
"0090M3_ACGGGCTGTAAATGAC",10.9691627004827
"0090M3_ACGGGTCAGGCAATTA",15.8086658221353
"0090M3_ACGGGTCCAATGACCT",16.0419024403867
"0090M3_ACGGGTCCAGCTATTG",16.1102804559606
"0090M3_ACGGGTCGTTACTGAC",17.4330621322026
"0090M3_ACTATCTCAAGGACTG",15.9143873136819
"0090M3_ACTATCTCAATCTACG",13.9447862679513
"0090M3_ACTGAACCAGAAGCAC",16.1234891347864
"0090M3_ACTGAACTCCCGGATG",18.0320921540721
"0090M3_ACTGAGTTCAGGTAAA",15.8396616455101
"0090M3_ACTGAGTTCCGCATCT",19.8302801802917
"0090M3_ACTGATGCAGCGTTCG",14.0574904487381
"0090M3_ACTGCTCAGGAGTCTG",NA
"0090M3_ACTGTCCGTCCTGCTT",15.9143873136819
"0090M3_ACTGTCCTCTCTGTCG",15.2837731541957
"0090M3_ACTTGTTAGATCCGAG",16.0594918492681
"0090M3_ACTTTCAAGGGTGTTG",15.9143873136819
"0090M3_ACTTTCAGTTGTCGCG",17.7765751486006
"0090M3_AGAATAGCACGAAACG",NA
"0090M3_AGAATAGTCGCAGGCT",21.0026033041697
"0090M3_AGACGTTAGCCCAATT",16.0066289737651
"0090M3_AGAGCGACAGGACGTA",14.7673095380544
"0090M3_AGAGCTTAGGCCCTTG",15.7247394347256
"0090M3_AGAGCTTAGTGTCCCG",NA
"0090M3_AGAGCTTTCTGCGGCA",17.8464619484258
"0090M3_AGAGTGGCATTACGAC",15.9819986402812
"0090M3_AGATTGCAGGGTGTTG",15.9278983564236
"0090M3_AGATTGCGTTTGCATG",10.2848457194785
"0090M3_AGCAGCCAGAAACCAT",15.9509626532536
"0090M3_AGCAGCCGTCGCATAT",15.7882997942962
"0090M3_AGCAGCCTCGTACGGC",4.84304787437521
"0090M3_AGCCTAATCGCGCCAA",19.197395152698
"0090M3_AGCGGTCAGATGTTAG",17.1403902047985
"0090M3_AGCGGTCCATGTCTCC",15.6068600791153
"0090M3_AGCGGTCGTCAGAGGT",18.1286151642026
"0090M3_AGCGTATCAAGAGGCT",NA
"0090M3_AGCGTATTCACTTCAT",NA
"0090M3_AGCTCCTAGAGTGACC",17.5016991487227
"0090M3_AGCTCCTAGGCTAGGT",15.9579279387165
"0090M3_AGCTCCTCAGCCTATA",11.2998356388473
"0090M3_AGCTCCTGTTGCTCCT",16.2208056671076
"0090M3_AGCTCCTTCTGTACGA",15.7783824960695
"0090M3_AGCTCTCTCAGAGGTG",NA
"0090M3_AGGCCACCAATCTACG",15.9143873136819
"0090M3_AGGCCACCAGTATGCT",16.2208056671076
"0090M3_AGGCCGTCAATGTAAG",15.9143873136819
"0090M3_AGGCCGTCATGGTAGG",18.5079917548282
"0090M3_AGGCCGTGTGAGCGAT",11.4114546127254
"0090M3_AGGCCGTTCTCTTATG",NA
"0090M3_AGGGAGTGTTGACGTT",11.6587398511407
"0090M3_AGGGAGTTCTCCCTGA",10.5833310291223
"0090M3_AGGGTGAAGACCTAGG",20.1133896716315
"0090M3_AGGGTGAAGGACCACA",NA
"0090M3_AGGGTGAAGTTCGATC",16.1618008697464
"0090M3_AGGGTGACACACAGAG",15.9704770182761
"0090M3_AGGGTGAGTTTGCATG",15.8615836192739
"0090M3_AGGTCATGTCACCCAG",NA
"0090M3_AGGTCATGTGTCTGAT",NA
"0090M3_AGGTCATTCTGTTGAG",17.7979578559982
"0090M3_AGGTCCGTCCTTTCGG",10.5755995929912
"0090M3_AGTAGTCAGAGTCGGT",15.9143873136819
"0090M3_AGTCTTTGTAAACACA",15.6797304521717
"0090M3_AGTCTTTGTAGAAGGA",19.6288342053213
"0090M3_AGTCTTTTCTCCTATA",16.187797637833
"0090M3_AGTGAGGCACCGGAAA",13.9506505753512
"0090M3_AGTGAGGCACGTCAGC",13.3269159063065
"0090M3_AGTGAGGGTGACAAAT",15.6645200304897
"0090M3_AGTGAGGGTTTAGCTG",15.619978105393
"0090M3_AGTGGGATCTTGCCGT",15.9759213832406
"0090M3_AGTGTCAGTGCGATAG",NA
"0090M3_AGTGTCAGTTCGCGAC",19.088148532587
"0090M3_AGTTGGTTCTTTCCTC",20.3786576879925
"0090M3_ATAACGCCAGCATACT",15.9291796378797
"0090M3_ATAACGCGTAGAAAGG",15.7503559458375
"0090M3_ATAAGAGCACTTAAGC",15.9093208045867
"0090M3_ATAAGAGCATGGATGG",16.2564517024176
"0090M3_ATAAGAGGTCACCTAA",17.4631158752943
"0090M3_ATAGACCAGGGCATGT",11.0143686196107
"0090M3_ATAGACCTCGCCTGTT",15.9143873136819
"0090M3_ATCACGAGTGTCAATC",15.8821840491517
"0090M3_ATCACGATCCCGACTT",17.4005350780024
"0090M3_ATCACGATCTTAGAGC",17.2933163835321
"0090M3_ATCATCTTCTTGCAAG",16.014875993984
"0090M3_ATCCGAAAGGTGCTAG",NA
"0090M3_ATCCGAACAAGCCATT",17.5478600224436
"0090M3_ATCGAGTTCGTGGACC",14.8386005049506
"0090M3_ATCTGCCCAGTGAGTG",NA
"0090M3_ATCTGCCTCTTAGAGC",15.6128313239241
"0090M3_ATGAGGGAGAAACCAT",15.7659456316672
"0090M3_ATGCGATTCCTAAGTG",16.1978653716442
"0090M3_ATGGGAGCATGGTCTA",16.1279658792334
"0090M3_ATGGGAGGTGTGAAAT",15.9143873136819
"0090M3_ATGGGAGTCATGTCTT",NA
"0090M3_ATGGGAGTCTGCCAGG",16.2000636602997
"0090M3_ATGTGTGGTAGAAGGA",16.0995628110998
"0090M3_ATGTGTGGTTGCGCAC",16.3150390476161
"0090M3_ATGTGTGTCAGGCAAG",15.6068600791153
"0090M3_ATGTGTGTCATGTCTT",14.2370327889125
"0090M3_ATGTGTGTCTGCGGCA",2.90782988079858
"0090M3_ATTATCCTCAGCATGT",10.9503159113499
"0090M3_ATTATCCTCGCATGGC",16.0308997215333
"0090M3_ATTCTACAGTGAATTG",15.9143873136819
"0090M3_ATTCTACGTGGGTATG",11.2691710537836
"0090M3_ATTGGACGTATAGGGC",12.5864018378903
"0090M3_ATTGGTGCAAGGGTCA",17.1443290090577
"0090M3_ATTGGTGGTCATGCCG",6.10396158494477
"0090M3_ATTGGTGGTCTCCCTA",16.28316434755
"0090M3_ATTTCTGAGGGATCTG",13.2769702633082
"0090M3_ATTTCTGCACACAGAG",10.7776359181795
"0090M3_ATTTCTGGTCAGAGGT",18.7064798092038
"0090M3_ATTTCTGGTGCCTGTG",20.4778040408482
"0090M3_CAACCAAAGGTAGCCA",NA
"0090M3_CAACCAAGTACATGTC",16.2208056671076
"0090M3_CAACCAAGTGATGTGG",13.9658413032454
"0090M3_CAACCTCAGCACGCCT",15.7707371646081
"0090M3_CAACCTCCAGACGCTC",15.9143873136819
"0090M3_CAACTAGTCGCCAAAT",15.9444548595284
"0090M3_CAACTAGTCTGAGGGA",15.8714679634693
"0090M3_CAAGAAATCCTGTACC",NA
"0090M3_CAAGGCCAGACAGGCT",18.9360515979716
"0090M3_CAAGGCCCAAGTTCTG",11.5930422981509
"0090M3_CAAGGCCCACCCATGG",11.3528952434517
"0090M3_CAAGGCCTCCGAGCCA",15.9143873136819
"0090M3_CAAGGCCTCCTCCTAG",17.2586941451908
"0090M3_CAAGTTGAGAGCTATA",NA
"0090M3_CAAGTTGCACCATCCT",15.6773684032232
"0090M3_CAAGTTGGTCAGATAA",15.8033154303538
"0090M3_CAAGTTGGTCGGATCC",16.2208056671076
"0090M3_CAAGTTGGTCGTGGCT",17.4045294891428
"0090M3_CACAAACGTGCAGGTA",15.9328891627621
"0090M3_CACAAACTCGCGGATC",14.3603393075767
"0090M3_CACACAACATCCCATC",14.9865086827497
"0090M3_CACACAATCTCCCTGA",NA
"0090M3_CACACCTGTAAAGTCA",34.5963701639713
"0090M3_CACACCTGTACCGTAT",14.6738467957017
"0090M3_CACACCTTCGGAGGTA",17.5133168835485
"0090M3_CACACTCAGGCCCGTT",20.1259357522143
"0090M3_CACACTCTCAATAAGG",15.9143873136819
"0090M3_CACATAGAGCCCAACC",15.4427426352352
"0090M3_CACATAGTCTGGAGCC",13.514794565769
"0090M3_CACATTTAGACTTGAA",11.4700673904165
"0090M3_CACATTTGTGTAAGTA",15.6226742651311
"0090M3_CACCACTCACCAGGCT",11.3300638082817
"0090M3_CACCACTCACCTATCC",16.0819519212863
"0090M3_CACCACTGTCCTCCAT",16.1353989459164
"0090M3_CACCACTTCACAACGT",NA
"0090M3_CACCAGGCAGTCGTGC",NA
"0090M3_CACCTTGAGAGGTTGC",NA
"0090M3_CACCTTGTCAATACCG",6.29300790743997
"0090M3_CACCTTGTCGTTACGA",15.9455511902558
"0090M3_CACTCCAAGATGTGTA",17.7056336971194
"0090M3_CACTCCACACAGCCCA",19.0234601991685
"0090M3_CAGAATCAGATGCCTT",NA
"0090M3_CAGAATCCAAAGTGCG",11.4469496150239
"0090M3_CAGAATCCATCCTTGC",12.9411268190395
"0090M3_CAGAATCGTTTACTCT",16.0166737825946
"0090M3_CAGAGAGAGGGAGTAA",15.8829043992962
"0090M3_CAGAGAGTCGCATGAT",NA
"0090M3_CAGAGAGTCTTGACGA",15.9807051354889
"0090M3_CAGATCACATAGTAAG",15.7618950094122
"0090M3_CAGATCATCGAACTGT",12.0485701133411
"0090M3_CAGCAGCCATAGGATA",18.3483906761371
"0090M3_CAGCAGCGTAAATGAC",10.6704817589713
"0090M3_CAGCAGCTCGCTGATA",19.8302801802917
"0090M3_CAGCATAAGGTGTTAA",15.5043105359666
"0090M3_CAGCATAGTTTGACTG",15.6068600791153
"0090M3_CAGCCGAAGGCAATTA",10.4579660848355
"0090M3_CAGCCGAGTGTGACGA",14.8318560964046
"0090M3_CAGCGACCACAGAGGT",NA
"0090M3_CAGCTAAAGATGTGGC",17.416569576479
"0090M3_CAGCTAACATGACGGA",19.6169690303272
"0090M3_CAGCTGGCACACAGAG",17.314205462721
"0090M3_CAGCTGGCATATACGC",14.9366996979523
"0090M3_CAGCTGGGTAGAGGAA",16.0316840501096
"0090M3_CAGCTGGTCTAACTTC",18.7719392839659
"0090M3_CAGGTGCGTCCGTCAG",16.0654714274943
"0090M3_CAGTAACCAAGCTGAG",16.1832838051113
"0090M3_CAGTCCTAGGATGCGT",17.1911102425991
"0090M3_CAGTCCTGTCCGTCAG",18.2895708882028
"0090M3_CAGTCCTTCTACTTAC",17.7490800303187
"0090M3_CAGTCCTTCTTTAGGG",11.0200446382319
"0090M3_CATATGGCAATTGCTG",17.6975696999457
"0090M3_CATATGGCATGCCACG",16.5271757614366
"0090M3_CATATGGTCCTAGGGC",13.7722386122178
"0090M3_CATATGGTCGCAGGCT",17.7947951203618
"0090M3_CATATTCAGCCACGCT",16.2208056671076
"0090M3_CATATTCGTGCAGACA",16.8338923265817
"0090M3_CATCAAGCACCACCAG",15.7590661307702
"0090M3_CATCAGAAGTCGATAA",18.7793808190909
"0090M3_CATCCACCACATGACT",20.1133896716315
"0090M3_CATCCACGTCAGAATA",16.0183046722089
"0090M3_CATCCACGTCGTGGCT",12.5000322315806
"0090M3_CATCCACGTTCCCTTG",NA
"0090M3_CATCCACTCCTTTCGG",15.9143873136819
"0090M3_CATCGAATCATGTGGT",18.1537980411096
"0090M3_CATCGAATCTAACTCT",15.9182615836054
"0090M3_CATGACACAAAGGTGC",10.6585693683766
"0090M3_CATGACATCCTACAGA",NA
"0090M3_CATGGCGCACCACGTG",NA
"0090M3_CATTATCCAATCTGCA",17.0882547579544
"0090M3_CATTATCCACGGATAG",NA
"0090M3_CATTATCCACTGTCGG",NA
"0090M3_CATTATCGTCACAAGG",NA
"0090M3_CATTCGCAGTCAAGGC",18.118282316694
"0090M3_CATTCGCGTATAAACG",15.3943778165192
"0090M3_CATTCGCGTTGGTGGA",15.9143873136819
"0090M3_CCAATCCAGCAAATCA",18.2511603709179
"0090M3_CCAATCCTCTAACTTC",13.467492986464
"0090M3_CCACCTACAGTGGAGT",13.7220349900964
"0090M3_CCACCTAGTTGTCGCG",13.0651020254904
"0090M3_CCACTACCACATGTGT",15.7858836701892
"0090M3_CCACTACGTATAGGTA",0
"0090M3_CCACTACGTTGGACCC",11.6272106769093
"0090M3_CCATGTCCATGCAACT",NA
"0090M3_CCATGTCGTTCCATGA",13.8796992908008
"0090M3_CCATTCGAGCCAGGAT",NA
"0090M3_CCATTCGAGCCTCGTG",15.9234814035084
"0090M3_CCATTCGGTATGCTTG",14.1135047397695
"0090M3_CCATTCGGTGCAACTT",16.2208056671076
"0090M3_CCATTCGTCTAACTCT",NA
"0090M3_CCCAATCTCGCCCTTA",15.9217983685043
"0090M3_CCCAATCTCTTTAGTC",11.2691710537836
"0090M3_CCCTCCTTCTGTTGAG",NA
"0090M3_CCGGGATCATCCCATC",16.2208056671076
"0090M3_CCGGTAGCAACGATCT",18.5542936790185
"0090M3_CCGTACTCACATCTTT",15.1206245523945
"0090M3_CCGTGGAGTGTTTGGT",NA
"0090M3_CCGTGGATCCTAAGTG",12.5659371316684
"0090M3_CCGTTCAAGATCACGG",15.9143873136819
"0090M3_CCGTTCACAGCTGTTA",15.8575813140783
"0090M3_CCGTTCATCGGTTCGG",14.1191050609928
"0090M3_CCTACACCACACGCTG",15.9143873136819
"0090M3_CCTACACGTAAGAGAG",NA
"0090M3_CCTACACGTCTGATCA",15.8796463662132
"0090M3_CCTACCAAGCTGCGAA",14.0464168629088
"0090M3_CCTACCAGTCTTCGTC",NA
"0090M3_CCTACCATCAGTCCCT",11.6643547095627
"0090M3_CCTAGCTAGATCACGG",12.65502531316
"0090M3_CCTAGCTCAGATCCAT",7.29442594946915
"0090M3_CCTATTACACGGCTAC",16.2208056671076
"0090M3_CCTATTAGTACGCTGC",NA
"0090M3_CCTATTAGTCGACTAT",13.754629004799
"0090M3_CCTATTATCATGTCCC",44.4373159307483
"0090M3_CCTCAGTCAGCTCGAC",19.830132948486
"0090M3_CCTCAGTGTTCAGTAC",15.4385413222505
"0090M3_CCTCTGAAGTCATGCT",16.2208056671076
"0090M3_CCTCTGACAGGCAGTA",15.4831940347989
"0090M3_CCTCTGAGTAGCTTGT",16.2208056671076
"0090M3_CCTTACGAGGCTCAGA",20.1133896716315
"0090M3_CCTTCCCAGCCACTAT",11.2691710537836
"0090M3_CCTTCCCAGCGTTTAC",17.3338480873244
"0090M3_CCTTCCCAGGGTCGAT",15.9143873136819
"0090M3_CCTTCGAAGACTTGAA",NA
"0090M3_CCTTTCTCAAAGGAAG",17.5158838697536
"0090M3_CGAACATAGCGTTCCG",15.9169449185404
"0090M3_CGAACATGTGATGATA",15.9143873136819
"0090M3_CGAATGTAGACAGAGA",11.2124390279473
"0090M3_CGAATGTAGTCCTCCT",15.9143873136819
"0090M3_CGAATGTCACACAGAG",10.4098819339242
"0090M3_CGAATGTTCCTTAATC",15.9848102954781
"0090M3_CGACCTTGTAAAGGAG",15.9496439125019
"0090M3_CGACCTTTCAGGCCCA",10.6280900683228
"0090M3_CGACCTTTCGTTTAGG",17.4654269198554
"0090M3_CGACTTCGTACATGTC",15.8533260929243
"0090M3_CGAGAAGCATGACGGA",17.2544869105607
"0090M3_CGAGAAGGTAGCTGCC",NA
"0090M3_CGAGAAGTCGTTTATC",17.9739051708299
"0090M3_CGAGCACTCAGCGACC",15.7998923577618
"0090M3_CGAGCCACAATGGAGC",15.9143873136819
"0090M3_CGAGCCACAGTCGATT",17.8862391604412
"0090M3_CGAGCCATCATAGCAC",14.6738467957017
"0090M3_CGAGCCATCGGTCCGA",15.4924632655711
"0090M3_CGATCGGTCCTCGCAT",15.8908208299329
"0090M3_CGATGGCCAAACGTGG",15.2975474961072
"0090M3_CGATGGCGTAGCAAAT",15.7766253127181
"0090M3_CGATGGCGTCATCCCT",13.1767010890224
"0090M3_CGATGTATCACAGGCC",NA
"0090M3_CGATTGACAGATAATG",15.9253519423608
"0090M3_CGATTGATCCACGTGG",15.1583155382994
"0090M3_CGCCAAGGTGTAACGG",15.8929595310345
"0090M3_CGCGGTAGTGCCTGGT",15.9670911563345
"0090M3_CGCGTTTGTGATGTGG",12.5387727526319
"0090M3_CGCGTTTTCGAATCCA",11.0057106512008
"0090M3_CGCTATCCAAGAAAGG",15.9143873136819
"0090M3_CGCTATCGTCCGTTAA",15.9143873136819
"0090M3_CGCTATCGTTCCTCCA",15.9143873136819
"0090M3_CGCTGGAAGATGAGAG",16.0231377600597
"0090M3_CGCTTCAAGAGTGACC",13.6226618355832
"0090M3_CGCTTCACAAGAGGCT",16.1016516071472
"0090M3_CGGACACCAAGAGGCT",NA
"0090M3_CGGACACGTGGTGTAG",16.1007425401086
"0090M3_CGGACACTCGGTGTTA",17.6191762366847
"0090M3_CGGACACTCTGGCGAC",15.7903962997
"0090M3_CGGACGTAGAAGGCCT",NA
"0090M3_CGGACGTGTGGCTCCA",NA
"0090M3_CGGACGTTCAGGCGAA",15.0472075831367
"0090M3_CGGACTGAGAACAATC",16.1049338227662
"0090M3_CGGACTGCAAGGTTCT",15.8371072576651
"0090M3_CGGACTGCAGCCACCA",15.9143873136819
"0090M3_CGGACTGGTCTCTTTA",16.2208056671076
"0090M3_CGGAGCTAGGGTGTTG",15.6470817489833
"0090M3_CGGAGTCAGCCAGTAG",NA
"0090M3_CGGAGTCGTTCTGGTA",18.5421624472939
"0090M3_CGGCTAGCAGAGTGTG",16.2208056671076
"0090M3_CGGGTCACAATGGATA",19.0134663345609
"0090M3_CGGTTAAAGCAGGCTA",15.8768775502915
"0090M3_CGGTTAACACTAGTAC",NA
"0090M3_CGGTTAATCTACTCAT",11.1943936022554
"0090M3_CGTAGCGAGGCAGGTT",NA
"0090M3_CGTAGCGCATCTCGCT",19.0290937325123
"0090M3_CGTAGCGTCTCAAGTG",17.9266717153306
"0090M3_CGTAGGCGTTAGAACA",13.2263999289901
"0090M3_CGTAGGCTCGTACGGC",16.0267090555936
"0090M3_CGTCACTGTACCGTTA",15.9143873136819
"0090M3_CGTCACTGTCGAGATG",15.9628509229962
"0090M3_CGTCAGGTCCACGTGG",15.2072675640837
"0090M3_CGTCAGGTCGCATGGC",12.7056114089088
"0090M3_CGTCCATCACAAGCCC",17.065204212047
"0090M3_CGTCCATGTCTTTCAT",NA
"0090M3_CGTCTACAGCACACAG",14.3012126591724
"0090M3_CGTCTACAGGATGCGT",15.9359718793814
"0090M3_CGTCTACTCAGGATCT",15.9147329711092
"0090M3_CGTGAGCTCTGACCTC",15.7088398003598
"0090M3_CGTGTCTAGCTGAAAT",NA
"0090M3_CGTGTCTCAGTTTACG",16.2077824489896
"0090M3_CGTTAGAAGCCAGTAG",15.0918362726122
"0090M3_CGTTAGACAATCTGCA",17.5428608694178
"0090M3_CGTTAGATCTATCGCC",17.6270153425357
"0090M3_CGTTCTGGTGCCTGCA",15.9752403742132
"0090M3_CGTTGGGCATCCCATC",17.4657177971346
"0090M3_CTAACTTTCTTTACGT",11.584909320264
"0090M3_CTAAGACGTATGAAAC",15.9665642140258
"0090M3_CTAAGACGTCTAGAGG",11.5164772326806
"0090M3_CTAAGACGTGTTTGGT",12.065150445457
"0090M3_CTAAGACGTTGCGTTA",14.2759036451283
"0090M3_CTAATGGGTCAGTGGA",15.7534063753665
"0090M3_CTAATGGGTTCGCTAA",10.4457674732889
"0090M3_CTAATGGTCGGACAAG",NA
"0090M3_CTACACCGTAGAAAGG",17.2109465766748
"0090M3_CTACATTAGAGTAAGG",17.4853901681848
"0090M3_CTACATTAGGAATGGA",NA
"0090M3_CTACATTCAACTGGCC",16.0839343951525
"0090M3_CTACATTCAATCACAC",NA
"0090M3_CTACATTCACATGTGT",13.8477487619715
"0090M3_CTACCCAAGACTAGGC",NA
"0090M3_CTACCCATCCTGCCAT",12.1805828889455
"0090M3_CTACCCATCGCATGAT",15.8782576173707
"0090M3_CTACGTCGTAGAGCTG",13.4197387015742
"0090M3_CTACGTCGTTGGTAAA",16.1632375692456
"0090M3_CTACGTCTCCGAACGC",15.1753698223575
"0090M3_CTAGAGTCAGGTGCCT",15.991224883113
"0090M3_CTAGCCTAGAGGTAGA",NA
"0090M3_CTAGTGACATTGGGCC",14.217315677835
"0090M3_CTAGTGAGTTGCGTTA",17.231447972422
"0090M3_CTAGTGATCCGTTGTC",14.834504508553
"0090M3_CTCACACGTAGGCATG",17.2471265406521
"0090M3_CTCACACTCTGTTGAG",16.0086608817842
"0090M3_CTCATTATCCAAGCCG",15.805058286928
"0090M3_CTCCTAGAGACAGGCT",19.2383077407459
"0090M3_CTCGAAAGTAGAAAGG",NA
"0090M3_CTCGAGGAGCCACGCT",12.2758354284174
"0090M3_CTCGAGGCACGAAATA",15.9143873136819
"0090M3_CTCGGAGTCCAAACAC",18.9560493687653
"0090M3_CTCGGAGTCTTACCGC",17.3336375626774
"0090M3_CTCGGGATCTCGATGA",10.0760607656813
"0090M3_CTCGTACGTCTCACCT",16.0294132427398
"0090M3_CTCGTACTCCGTAGGC",15.9143873136819
"0090M3_CTCGTACTCCTAAGTG",11.6444191409866
"0090M3_CTCTGGTAGGTGCACA",NA
"0090M3_CTCTGGTAGTGCAAGC",14.0429779575202
"0090M3_CTCTGGTGTAAACACA",17.9426661074645
"0090M3_CTGAAACCAGGCAGTA",16.2208056671076
"0090M3_CTGAAGTAGGGAAACA",12.5655418702496
"0090M3_CTGAAGTAGGGCTCTC",19.5445667948665
"0090M3_CTGAAGTGTGACGGTA",15.9143873136819
"0090M3_CTGAAGTGTGAGGCTA",16.1076307207293
"0090M3_CTGAAGTTCTAACGGT",15.8789032977749
"0090M3_CTGATAGTCGCGTTTC",15.9143873136819
"0090M3_CTGATCCAGAACTGTA",11.7722601303559
"0090M3_CTGATCCTCCCAAGTA",15.9143873136819
"0090M3_CTGCCTAGTAGATTAG",15.6249829507169
"0090M3_CTGCTGTCAAGCTGAG",NA
"0090M3_CTGGTCTAGGGCTTCC",15.0837805790465
"0090M3_CTGGTCTCATCACAAC",15.8800852989376
"0090M3_CTGGTCTGTTATTCTC",16.025431007302
"0090M3_CTGGTCTTCCCTAACC",11.2919513374018
"0090M3_CTGTGCTCAAACGCGA",10.6859127255416
"0090M3_CTGTGCTCACAACGTT",17.1264108937086
"0090M3_CTGTGCTCACGAGGTA",15.9143873136819
"0090M3_CTGTGCTTCGGAGCAA",14.4835821129122
"0090M3_CTGTTTATCTTGCAAG",11.4383317214269
"0090M3_CTTAACTGTATATGGA",18.0208628503462
"0090M3_CTTAACTTCTGCGACG",8.2064502631106
"0090M3_CTTACCGTCCTCAACC",16.2208056671076
"0090M3_CTTACCGTCTATCCTA",15.8675877071544
"0090M3_CTTAGGAAGATAGCAT",NA
"0090M3_CTTAGGATCCACGACG",NA
"0090M3_CTTAGGATCTTACCTA",15.9143873136819
"0090M3_CTTCTCTAGAAGATTC",NA
"0090M3_CTTCTCTTCGGCTTGG",15.9143873136819
"0090M3_CTTGGCTTCTGTCCGT",12.7971060877494
"0090M3_GAAACTCAGGTGATAT",17.3874673174766
"0090M3_GAAACTCGTCTGGAGA",16.0712395800643
"0090M3_GAAACTCTCACCCGAG",15.9143873136819
"0090M3_GAAATGAAGTGTTGAA",17.4318382097192
"0090M3_GAAATGATCCACGTTC",17.9829484862995
"0090M3_GAACCTAAGGCTCAGA",14.0701723481411
"0090M3_GAACGGAAGACAATAC",16.1055427148071
"0090M3_GAACGGATCAATCACG",17.2918094344061
"0090M3_GAAGCAGAGGGTGTGT",16.2208056671076
"0090M3_GAAGCAGCATCAGTCA",17.9130494239335
"0090M3_GAAGCAGTCTTGTCAT",11.0155281569827
"0090M3_GAATAAGAGTCATCCA",17.9353911079192
"0090M3_GAATAAGCATCTATGG",13.0146558819852
"0090M3_GAATGAACAAAGCGGT",16.5471474779892
"0090M3_GAATGAACATCCGTGG",15.856285239162
"0090M3_GAATGAATCATTTGGG",NA
"0090M3_GACACGCCAATCACAC",NA
"0090M3_GACAGAGTCGCACTCT",16.2631806244948
"0090M3_GACCAATAGTTGTAGA",17.5455538000915
"0090M3_GACCAATGTAGCGCAA",13.1484970473402
"0090M3_GACCAATGTCTACCTC",14.585972732222
"0090M3_GACCAATGTGACTCAT",17.1199296459873
"0090M3_GACCTGGCAATCTGCA",16.0422340000912
"0090M3_GACGCGTTCAAACCAC",11.7948254067288
"0090M3_GACGTTAGTATTAGCC",17.2848955507582
"0090M3_GACTAACCAAGTCTAC",16.0592975770447
"0090M3_GACTAACCATTCCTCG",17.0675852380239
"0090M3_GACTAACGTCCATGAT",15.9103677916997
"0090M3_GACTAACGTGATGTGG",17.2685361063958
"0090M3_GACTACAAGGTAGCTG",17.1854424958935
"0090M3_GACTACAGTAGGACAC",18.4690762969678
"0090M3_GACTGCGCAAGCGCTC",19.0378987545115
"0090M3_GACTGCGCATATACCG",17.6092941897747
"0090M3_GACTGCGGTCCGTTAA",44.2548936555699
"0090M3_GAGCAGATCCTTGCCA",15.9513106021786
"0090M3_GAGGTGACACATGGGA",17.3116497005056
"0090M3_GATCGATAGGCCGAAT",13.4653883756782
"0090M3_GATCGATCAGCTGCTG",16.0671766170691
"0090M3_GATCGATGTGCAGGTA",10.3640208410201
"0090M3_GATCGATTCTACCAGA",13.5592236388961
"0090M3_GATCGCGAGGCTCATT",16.0397961812698
"0090M3_GATCGTAAGACAGAGA",15.9143873136819
"0090M3_GATCGTACAACGATCT",NA
"0090M3_GATCGTAGTTGCGCAC",17.8721329490242
"0090M3_GATCGTATCACAATGC",11.0614880857095
"0090M3_GATCTAGAGTCCTCCT",15.6832730119911
"0090M3_GATCTAGGTTCCACGG",16.1159605182174
"0090M3_GATGAAACAGCGTTCG",15.9871989976828
"0090M3_GATGAGGGTTCCTCCA",13.4717029722904
"0090M3_GATGAGGTCAGAGACG",11.7376745230193
"0090M3_GATTCAGAGGCTAGGT",17.6913871698724
"0090M3_GATTCAGCATGCCTTC",16.657793883902
"0090M3_GCAAACTAGGCCGAAT",13.9101233602942
"0090M3_GCAAACTCACCCTATC",15.3478353857963
"0090M3_GCAAACTCAGCTCGAC",NA
"0090M3_GCAAACTTCGTTACGA",NA
"0090M3_GCAATCAAGCGTCAAG",17.9168773036846
"0090M3_GCAATCAGTATCAGTC",NA
"0090M3_GCAATCAGTCTCCACT",15.8244822096601
"0090M3_GCAATCATCGATAGAA",15.6920781389865
"0090M3_GCACATACAGGAATCG",19.0820912971714
"0090M3_GCACTCTGTCATTAGC",13.4920652754069
"0090M3_GCAGCCAAGTAGATGT",15.9143873136819
"0090M3_GCAGCCACATGTTGAC",NA
"0090M3_GCAGTTAAGCTATGCT",15.9143873136819
"0090M3_GCAGTTACAGTATAAG",16.1084326246655
"0090M3_GCAGTTAGTGAGGCTA",16.1007682389278
"0090M3_GCATGATAGTGAAGTT",15.7212293396201
"0090M3_GCATGATCAATTGCTG",15.9143873136819
"0090M3_GCATGATTCACTCCTG",14.5668489111293
"0090M3_GCATGCGCAGCCTTTC",18.0193415227633
"0090M3_GCATGCGTCTTGTATC",12.3314371466519
"0090M3_GCATGTATCCGGCACA",NA
"0090M3_GCCAAATCAAGTCTAC",17.3853821720404
"0090M3_GCCTCTACATGAAGTA",15.9143873136819
"0090M3_GCCTCTACATTCTTAC",20.0321589657755
"0090M3_GCGACCAGTGCCTGGT",NA
"0090M3_GCGACCATCCTACAGA",19.8160221800474
"0090M3_GCGAGAACATGCCTTC",11.5711589941742
"0090M3_GCGCAGTAGTTAAGTG",NA
"0090M3_GCGCCAAGTCTAAACC",18.0173206146342
"0090M3_GCGCCAATCTGTCTCG",16.2208056671076
"0090M3_GCGCGATCAGGGTTAG",NA
"0090M3_GCGCGATTCGGAAATA",14.5224276074821
"0090M3_GCGCGATTCTTAGAGC",5.40358256773725
"0090M3_GCGGGTTAGACGACGT",12.6276255135982
"0090M3_GCGGGTTAGATACACA",13.4371772748383
"0090M3_GCGGGTTAGCCGATTT",16.0778871725284
"0090M3_GCGGGTTCAACGCACC",17.6203471541951
"0090M3_GCTCCTAAGGTGCTAG",15.8829949464234
"0090M3_GCTCCTAGTGTGGCTC",NA
"0090M3_GCTCTGTAGGATATAC",17.2286243057262
"0090M3_GCTCTGTCAAGCGCTC",17.1456390510906
"0090M3_GCTGCAGAGGGCTCTC",15.6663736035597
"0090M3_GCTGCAGGTTACGACT",15.9143873136819
"0090M3_GCTGCGAGTCAGTGGA",12.1366231971897
"0090M3_GCTGCGAGTTATCCGA",11.5711589941742
"0090M3_GCTGCTTGTGATGATA",NA
"0090M3_GCTGCTTTCATATCGG",15.9143873136819
"0090M3_GCTGGGTAGAGACGAA",NA
"0090M3_GCTGGGTGTCGAGATG",15.1376691751544
"0090M3_GCTGGGTTCGGTCTAA",15.9143873136819
"0090M3_GCTTCCATCTCTGAGA",15.7602414200334
"0090M3_GCTTGAAGTTCACGGC",13.8147604231534
"0090M3_GCTTGAATCTGACCTC",10.047943086708
"0090M3_GGAAAGCAGAAACCTA",15.6332545791699
"0090M3_GGAAAGCAGTACACCT",16.2208056671076
"0090M3_GGAAAGCTCGCGTAGC",15.8767239538304
"0090M3_GGAACTTAGTGGTAGC",10.9691627004827
"0090M3_GGAACTTAGTTCGCGC",15.8522051427809
"0090M3_GGAACTTCACCACCAG",16.0786601821511
"0090M3_GGAACTTCACGAAAGC",16.0331418024287
"0090M3_GGAATAAAGAAGGCCT",15.9143873136819
"0090M3_GGAATAATCGTCTGAA",15.8085118229869
"0090M3_GGACAGAGTGATGATA",18.9227064743008
"0090M3_GGACATTCAAGCTGGA",18.419082669888
"0090M3_GGACATTTCTCATTCA",16.0951307943789
"0090M3_GGACGTCTCTTGCATT",13.8581398198284
"0090M3_GGATGTTAGGTGGGTT",15.9971677743578
"0090M3_GGATGTTAGTAACCCT",NA
"0090M3_GGATGTTAGTGGAGTC",16.0961969964677
"0090M3_GGATGTTTCTACCAGA",15.8800732771104
"0090M3_GGATTACAGATGGCGT",8.45900388248699
"0090M3_GGATTACTCTTACCGC",15.7253130849477
"0090M3_GGCAATTAGTGGACGT",16.0993153898842
"0090M3_GGCCGATAGCTGCAAG",15.9143873136819
"0090M3_GGCCGATGTCCCTTGT",15.12338274266
"0090M3_GGCGTGTGTTACTGAC",16.2208056671076
"0090M3_GGCGTGTTCACTCTTA",15.7888312436867
"0090M3_GGCTCGAAGCTGGAAC",17.2051841169548
"0090M3_GGCTGGTAGAGGGATA",16.0093697488818
"0090M3_GGCTGGTCAGACAAGC",20.1133896716315
"0090M3_GGGAATGCAAGCTGAG",16.0044848728709
"0090M3_GGGACCTCACTAAGTC",20.1273384219136
"0090M3_GGGACCTTCCACGTTC",17.6519159862858
"0090M3_GGGATGACAAAGAATC",16.0838244230388
"0090M3_GGGATGACATATGGTC",16.0027409532141
"0090M3_GGGATGAGTTAAGACA",15.9371970404982
"0090M3_GGGATGATCAGAGCTT",13.220071109568
"0090M3_GGGCACTAGAGGTTGC",17.5271530316734
"0090M3_GGGCACTGTTGATTCG",15.9143873136819
"0090M3_GGGCATCGTTTGACTG",16.1280532349703
"0090M3_GGGTCTGCAATCTGCA",16.1030330934883
"0090M3_GGGTCTGCAGTAACGG",19.4234904491128
"0090M3_GGGTCTGTCGGAAACG",17.2630003433276
"0090M3_GGGTTGCCAATCCGAT",12.2807330513515
"0090M3_GGGTTGCGTACGCACC",15.9612679641391
"0090M3_GGGTTGCGTTGTACAC",16.0254541326539
"0090M3_GGTATTGAGGACTGGT",14.7066429573515
"0090M3_GGTATTGGTCGACTAT",16.1574563719315
"0090M3_GGTATTGGTTCGTGAT",15.9621771439316
"0090M3_GGTATTGTCATACGGT",NA
"0090M3_GGTGAAGAGAGGTTAT",16.0609687889673
"0090M3_GGTGAAGGTGTCGCTG",NA
"0090M3_GGTGCGTAGAGCTTCT",17.2671228767977
"0090M3_GGTGCGTAGCCACTAT",16.2208056671076
"0090M3_GGTGCGTGTCTGCCAG",15.9143873136819
"0090M3_GGTGCGTTCGTTTAGG",NA
"0090M3_GGTGTTAGTCCCTACT",19.1352811349251
"0090M3_GTAACGTCAACGATCT",15.9278983564236
"0090M3_GTAACGTCACATCCAA",15.7856032930304
"0090M3_GTAACTGAGGCATTGG",10.5580684880142
"0090M3_GTAACTGAGGCTAGAC",17.2527998859758
"0090M3_GTAACTGAGTAGGCCA",15.9143873136819
"0090M3_GTAACTGCAAGCGCTC",16.1242899858288
"0090M3_GTAACTGCACAAGTAA",14.2385462731821
"0090M3_GTACGTAAGAGCCTAG",12.0058530483888
"0090M3_GTACGTAGTTATCCGA",14.8339540049089
"0090M3_GTACGTAGTTGCTCCT",16.002116919209
"0090M3_GTACGTATCTGTCAAG",19.868115785185
"0090M3_GTACTTTGTTCCATGA",15.9714891525757
"0090M3_GTAGGCCGTGAGTGAC",18.4331861356405
"0090M3_GTAGTCACACAGACTT",11.0913493874889
"0090M3_GTAGTCACAGTTCATG",18.142064983711
"0090M3_GTAGTCATCTCTGCTG",15.9143873136819
"0090M3_GTATCTTAGTGAACGC",15.9119050542686
"0090M3_GTATCTTTCTTCGGTC",14.6339947473188
"0090M3_GTATTCTAGAACAACT",15.8717274450556
"0090M3_GTATTCTAGGGTCGAT",19.3730736455998
"0090M3_GTATTCTGTTTCGCTC",14.4590424397475
"0090M3_GTCACAAAGCTACCGC",17.3953794237952
"0090M3_GTCACGGAGGCTAGCA",16.0800024923525
"0090M3_GTCATTTGTGCAGGTA",15.9143873136819
"0090M3_GTCATTTGTTGAGTTC",15.4697474602177
"0090M3_GTCATTTTCCGAGCCA",NA
"0090M3_GTCGGGTCAAGCCGCT",NA
"0090M3_GTCGTAAAGAGTACCG",15.9143873136819
"0090M3_GTCTCGTCAAGTCTGT",NA
"0090M3_GTCTTCGCAATCAGAA",NA
"0090M3_GTCTTCGCAGCTGCAC",15.9449059679101
"0090M3_GTCTTCGCATCCCATC",NA
"0090M3_GTGAAGGGTGTGCCTG",NA
"0090M3_GTGAAGGTCATCATTC",15.9524867447736
"0090M3_GTGCAGCAGTGTCCAT",15.7971617923603
"0090M3_GTGCAGCCATACTACG",16.1682059014769
"0090M3_GTGCAGCCATGGGACA",18.1646648197381
"0090M3_GTGCATAGTTAGTGGG",10.5293879597997
"0090M3_GTGCATATCAAGATCC",16.8338923265817
"0090M3_GTGCTTCCAGGATCGA",15.9143873136819
"0090M3_GTGCTTCCAGTCAGCC",NA
"0090M3_GTGCTTCGTAGCGTCC",14.3078393501219
"0090M3_GTGTTAGCATATACCG",16.0643976448532
"0090M3_GTGTTAGTCAAACGGG",11.8332856804232
"0090M3_GTGTTAGTCTCCAGGG",NA
"0090M3_GTTAAGCAGAAACGAG",15.9235400673995
"0090M3_GTTAAGCGTCTGATTG",15.9837403835917
"0090M3_GTTAAGCGTGTCGCTG",16.1315035968521
"0090M3_GTTACAGAGAGTGACC",11.2699978741126
"0090M3_GTTACAGAGCACCGTC",15.8160998908521
"0090M3_GTTCGGGCACCTATCC",15.8369895848281
"0090M3_GTTCGGGGTATAGGTA",10.1887574621787
"0090M3_GTTTCTAAGACAGACC",14.2472957546818
"0090M3_GTTTCTAGTGTTCGAT",15.9143873136819
"0090M3_TAAGAGAAGGACCACA",13.9628675747789
"0090M3_TACACGATCTCCCTGA",18.210775227515
"0090M3_TACAGTGCAAGCGTAG",16.2208056671076
"0090M3_TACCTTACATCGATTG",17.4526661355198
"0090M3_TACGGATGTAACGCGA",15.7010890581287
"0090M3_TACGGATGTGGCTCCA",16.1802306148113
"0090M3_TACGGGCCATACTCTT",17.9850919466807
"0090M3_TACGGTAAGAAAGTGG",NA
"0090M3_TACGGTAAGTGGGCTA",17.3309083474172
"0090M3_TACGGTACAACTGCGC",15.8801999871645
"0090M3_TACGGTAGTCTCTCGT",NA
"0090M3_TACGGTAGTGTCGCTG",10.2118236846682
"0090M3_TACGGTATCGTACCGG",11.3723889461895
"0090M3_TACTCATAGGACAGAA",15.6703776357533
"0090M3_TACTCATTCTGAGTGT",17.118521329597
"0090M3_TACTCGCAGGCAGGTT",16.0847533676095
"0090M3_TACTCGCAGTGGTAGC",17.4280929223684
"0090M3_TACTTACTCGAATGGG",15.7828491333643
"0090M3_TACTTGTGTTTGTTGG",15.9143873136819
"0090M3_TACTTGTTCATTGCCC",17.3403769247953
"0090M3_TAGACCAAGAAGCCCA",NA
"0090M3_TAGACCACACAGGTTT",12.2180614376757
"0090M3_TAGACCACAGGGTATG",19.2176489024532
"0090M3_TAGACCAGTAGCGTAG",18.2188419140999
"0090M3_TAGAGCTAGTGGGTTG",NA
"0090M3_TAGAGCTGTAGCTGCC",17.7902358124999
"0090M3_TAGAGCTTCAGCGATT",15.9143873136819
"0090M3_TAGCCGGGTAGCTCCG",14.2886538903578
"0090M3_TAGGCATAGCGACGTA",14.5613231470019
"0090M3_TAGGCATCATCTCGCT",15.6932834396758
"0090M3_TAGTGGTAGACAGGCT",15.5654927517743
"0090M3_TAGTTGGCACGTAAGG",16.0195472327305
"0090M3_TAGTTGGGTTTGTGTG",16.0422860172442
"0090M3_TATCAGGGTACAGACG",15.9143873136819
"0090M3_TATCAGGGTTAGATGA",15.7687953448083
"0090M3_TATCTCAAGGGCTTGA",11.0596097514572
"0090M3_TATCTCACAGTAACGG",14.2990098155533
"0090M3_TATCTCACATTGAGCT",15.6877084939731
"0090M3_TATCTCATCGTCTGAA",15.7733754532138
"0090M3_TATGCCCGTCCTCTTG",15.9711369397885
"0090M3_TATTACCTCCGCTGTT",14.5708389805244
"0090M3_TCAACGATCAATCTCT",16.0183772022823
"0090M3_TCAACGATCCTAAGTG",15.8569315572823
"0090M3_TCAATCTCATCGGACC",NA
"0090M3_TCACAAGGTAAACACA",15.8780516140272
"0090M3_TCACAAGGTTGCGCAC",16.0465880995937
"0090M3_TCACGAAAGTTACGGG",9.53871615659287
"0090M3_TCAGATGTCGAATGGG",17.1128048496556
"0090M3_TCAGCAACAATGGTCT",11.8059915491217
"0090M3_TCAGCAAGTCCGAGTC",11.2570101091095
"0090M3_TCAGCAATCCAGTAGT",19.2376355277519
"0090M3_TCAGGATAGATATACG",15.8577236689061
"0090M3_TCAGGATAGATCTGCT",16.2022726950841
"0090M3_TCAGGTAAGTCCCACG",15.8554338735738
"0090M3_TCAGGTACAAGGACTG",10.7255203322379
"0090M3_TCAGGTAGTTCGAATC",16.2084935923157
"0090M3_TCAGGTAGTTGGTAAA",13.4693333404128
"0090M3_TCATTACAGTCCTCCT",15.7158939623241
"0090M3_TCATTACTCTGTCTAT",17.3980817887578
"0090M3_TCATTTGAGGGTTCCC",17.6958580389355
"0090M3_TCATTTGCAATGAATG",14.1405808097956
"0090M3_TCCACACAGGCATGTG",15.9143873136819
"0090M3_TCCACACCAGCTGCAC",15.776330545577
"0090M3_TCCCGATCAGACAGGT",NA
"0090M3_TCGAGGCCAGTAAGCG",11.1390261987341
"0090M3_TCGAGGCGTCTCAACA",16.1412792116845
"0090M3_TCGAGGCTCTTTAGTC",16.1009887643893
"0090M3_TCGCGAGAGCGTGAGT",11.1703382995224
"0090M3_TCGCGTTAGTCATCCA",15.8462832027392
"0090M3_TCGGGACTCTGGTGTA",15.3618272388126
"0090M3_TCGGTAAGTTCTGTTT",16.2208056671076
"0090M3_TCGTACCAGTGTCCAT",19.8302801802917
"0090M3_TCGTACCGTTCCCGAG",12.0352752021326
"0090M3_TCGTAGACAGGCGATA",20.1133896716315
"0090M3_TCGTAGAGTCCATCCT",12.0846316316542
"0090M3_TCGTAGATCAGCTCGG",12.4035324960923
"0090M3_TCTCATAAGCAAATCA",16.2208056671076
"0090M3_TCTCTAACATCACAAC",16.0547368878099
"0090M3_TCTCTAAGTTCTGAAC",15.7934484397148
"0090M3_TCTCTAATCTTGAGAC",16.0269677299029
"0090M3_TCTGAGAGTTGAGGTG",16.0718373294057
"0090M3_TCTGGAATCGCGATCG",NA
"0090M3_TCTTCGGAGACTAGAT",12.1055850062934
"0090M3_TCTTCGGCAAACTGCT",15.4435785154029
"0090M3_TCTTCGGTCGAATCCA",15.8332848036705
"0090M3_TCTTTCCAGGTGTTAA",15.7262459907601
"0090M3_TCTTTCCAGTTAAGTG",18.2358658149273
"0090M3_TCTTTCCCAGACGTAG",14.3240140078301
"0090M3_TGAAAGACACCGAATT",15.278386585644
"0090M3_TGAAAGAGTCTGGTCG",15.4802174601191
"0090M3_TGAAAGATCTGGTTCC",NA
"0090M3_TGACAACAGCTAACTC",NA
"0090M3_TGACAACCAGATAATG",NA
"0090M3_TGACAACCAGGTCGTC",16.1298771493498
"0090M3_TGACGGCTCACTCCTG",NA
"0090M3_TGACTAGAGACTCGGA",16.2208056671076
"0090M3_TGACTAGTCCATGCTC",16.0112069849404
"0090M3_TGACTTTAGCTGCCCA",15.5928248917153
"0090M3_TGACTTTCAATGCCAT",15.8495288087295
"0090M3_TGACTTTTCTATGTGG",16.1337214714462
"0090M3_TGAGAGGCATAGTAAG",16.8241142291149
"0090M3_TGAGAGGGTCAGAGGT",16.0121371731375
"0090M3_TGAGAGGGTCCGAACC",15.6557968782031
"0090M3_TGAGAGGTCTTTAGGG",19.3487671367661
"0090M3_TGAGCATAGTTGCAGG",15.9391334113539
"0090M3_TGAGCATCACATGGGA",15.9803715727797
"0090M3_TGAGCATGTCAGTGGA",15.9143873136819
"0090M3_TGATTTCAGGGTTCCC",11.7501274100999
"0090M3_TGATTTCAGGTACTCT",NA
"0090M3_TGCACCTAGTCATGCT",NA
"0090M3_TGCCAAACAACCGCCA",17.7834922539068
"0090M3_TGCCAAAGTGAGTGAC",15.9143873136819
"0090M3_TGCCAAATCACAACGT",16.0481067596852
"0090M3_TGCCCATAGCTCTCGG",16.0129058675522
"0090M3_TGCCCATCAGACACTT",NA
"0090M3_TGCCCTAAGCACGCCT",14.4227345217057
"0090M3_TGCCCTATCAGCTCGG",16.0044080345201
"0090M3_TGCGCAGAGCCAACAG",16.5986557708228
"0090M3_TGCGCAGCAGTGGGAT",NA
"0090M3_TGCGCAGGTGAGTGAC",15.3155566744815
"0090M3_TGCGCAGTCGAGCCCA",17.372343766503
"0090M3_TGCGCAGTCGATAGAA",17.9050068229682
"0090M3_TGCGTGGCAAGTCATC",17.880218085805
"0090M3_TGCGTGGCACTGTCGG",15.9057374932384
"0090M3_TGCGTGGTCAACACAC",NA
"0090M3_TGCTACCAGTGGGATC",16.1726835786438
"0090M3_TGCTGCTCAGTCGATT",14.629394335494
"0090M3_TGCTGCTGTCTGCCAG",17.8503561263308
"0090M3_TGGACGCGTGAGTATA",16.8338923265817
"0090M3_TGGACGCGTGTAATGA",NA
"0090M3_TGGCGCAAGCGCCTCA",15.4754831997297
"0090M3_TGGCGCAGTACATGTC",16.4383134800876
"0090M3_TGGCGCAGTCTAGGTT",NA
"0090M3_TGGCTGGTCACCCTCA",15.9135464905964
"0090M3_TGGCTGGTCCTACAGA",17.3735383726172
"0090M3_TGGCTGGTCTACCAGA",10.1032070271454
"0090M3_TGGCTGGTCTCTTGAT",16.1399768238459
"0090M3_TGGGAAGCATTGGCGC",NA
"0090M3_TGGGCGTGTTCACGGC",16.0487571374983
"0090M3_TGGTTAGCACGGTAAG",12.0361030330122
"0090M3_TGGTTAGGTAGGCTGA",17.6842426616665
"0090M3_TGGTTAGTCTCCCTGA",11.0781702148612
"0090M3_TGGTTCCCACGGCCAT",11.8748810521054
"0090M3_TGTATTCTCTTAGAGC",15.9143873136819
"0090M3_TGTCCCACAGACGCCT",17.0510153634579
"0090M3_TGTCCCACATGCCTAA",17.4007754711829
"0090M3_TGTCCCATCGTCGTTC",14.4316908242474
"0090M3_TGTGGTAAGGTAAACT",17.8711412863459
"0090M3_TGTTCCGCATCGGAAG",NA
"0090M3_TTAACTCGTGAGGGAG",18.7574445774786
"0090M3_TTAGGCAAGCGATGAC",NA
"0090M3_TTAGTTCCAAACTGTC",14.4060640555433
"0090M3_TTAGTTCCATCGATTG",12.775436374311
"0090M3_TTATGCTCAGCGTCCA",12.6877213780669
"0090M3_TTATGCTCATGAAGTA",15.8694131923611
"0090M3_TTATGCTCATTCGACA",5.08196771883869
"0090M3_TTCCCAGAGCTCCTCT",NA
"0090M3_TTCCCAGCAAACGCGA",16.0564937767143
"0090M3_TTCCCAGTCGTCCAGG",15.9780681587687
"0090M3_TTCCCAGTCTGTGCAA",16.2875536883651
"0090M3_TTCGAAGAGTTGAGTA",20.820598144022
"0090M3_TTCGAAGCATGGATGG",18.6449728983453
"0090M3_TTCGGTCAGCCCGAAA",15.6068600791153
"0090M3_TTCGGTCGTTCGGGCT",16.0761975862988
"0090M3_TTCTACAGTGAAGGCT",16.2208056671076
"0090M3_TTCTACATCGGATGGA",17.5906537988259
"0090M3_TTCTACATCTGTCCGT",14.3556356873088
"0090M3_TTCTCAATCAGAGCTT",10.4961464441458
"0090M3_TTCTCCTAGTACGCGA",18.8441519197448
"0090M3_TTCTCCTTCAACGCTA",7.40999623050602
"0090M3_TTGAACGAGCAATCTC",15.9467748298887
"0090M3_TTGAACGAGTATGACA",10.6557701006286
"0090M3_TTGAACGCACGCTTTC",17.6463908053381
"0090M3_TTGACTTAGCGATTCT",15.6068600791153
"0090M3_TTGCCGTTCTTGGGTA",15.9822994646454
"0090M3_TTGCGTCTCACCATAG",NA
"0090M3_TTGGCAACAATGAATG",18.3488873874577
"0090M3_TTGGCAACATCCTTGC",19.1318836334487
"0090M3_TTGTAGGAGGCCCTTG",NA
"0090M3_TTTATGCGTACGAAAT",15.6657932594124
"0090M3_TTTCCTCAGAGCTGCA",16.9851479665932
"0090M3_TTTCCTCGTGTGCCTG",10.9807913248062
"0090M3_TTTCCTCTCAACCATG",15.9143873136819
"0090M3_TTTGCGCGTTCGTTGA",NA
"0090M3_TTTGGTTAGTAAGTAC",14.7008029171511
"0090M3_TTTGGTTGTACGCTGC",16.2208056671076
"0090M3_TTTGGTTTCACGACTA",15.7666099030267
